smiles,BM,SA,SC
*CC*,2689138059,7.580215354,1.541755759
*C(C*)C,2969571310,6.81263495,1.298382123
*C(C*)CC,2500329090,6.583313619,2.46203475
*C(C*)CCC,2469748496,5.862972811,2.361664522
*C(C*)C(C)C,2309333121,6.026353807,2.428457495
*C(C*)CCCC,2337311246,5.310989423,2.138163687
*C(C*)CC(C)C,2395293933,5.514917555,2.405758025
*C(C*)CCCCC,2202142028,4.877386847,2.379733478
*C(C*)CCC(CC)C,2434337805,5.319046134,3.146004649
*C(C*)CCCCCCC,2258374812,4.325837253,2.625512585
*C(C*)CCCCCCCC,2299148523,4.13254673,2.625512585
*C(C*)(C)C,4100197687,5.67263114,2.169541085
*C(C*)(CC)C,3280112964,6.091137517,2.115967574
*C(CC*)(C)C,3627698508,5.701351188,2.139989948
*C(C(C*)C)(C)C,2914481841,5.757218689,2.753943943
*C(CCC*)(C)C,3327693368,5.447604484,2.36285521
*C(CCC*)(CC)C,3127212765,5.732799974,2.702136861
*C(CCCCCCC*)C,2534166723,4.578686484,3.179751684
*C(C*)C1CC1,2410150327,5.953357427,2.530275784
*C(C*)C1CCC1,2798250965,5.417308105,2.446673519
*C(C*)C1CCCC1,3043772220,4.903314463,2.692107056
*C(C*)CC1CCCC1,2825329841,4.648575734,2.64475463
*C(C*)C1CCCCC1,2412054197,4.589071888,2.591818349
*C(C*)CC1CCCCC1,2896569303,4.394489015,2.666891126
*C(C*)Cc1ccccc1,3331812645,3.903142613,2.326159966
*C(C*)CCc1ccccc1,3247849786,3.794186714,2.495479859
*C(C*)C(c1ccccc1)C,2087252798,4.228320641,2.810324067
*C1CC(CC1)C*,3629336490,6.140448249,2.463623404
*C(C*)CCCCCC,2197677004,4.568059617,2.625512585
*C(C*)CCCCCCCCCC,2347855392,3.847980106,2.625512585
*C(C*)CCCCCCCCCCCC,2422366735,3.654586931,2.625512585
*C(C*)CCCCCCCCCCCCCCCC,2408168304,3.392241727,2.625512585
*C(C*)C(CC)C,2064184270,5.794196221,2.404102141
*C(C*)C(CC)CC,2072691360,5.318240108,2.450312168
*C(C*)CC(CC)CC,2437618884,5.110226284,2.73643617
*C(C*)CC(CC)C,2479480810,5.56160125,2.94979398
*C(C*)CC(C)(C)C,2463685193,5.428949959,2.292885725
*C(C*)CC(CC)(C)C,2991183895,5.339405053,2.889647449
*C(C*)CCCC(C)(C)C,2508826213,4.930653407,2.708449022
*C(C*)CCC1CCCCC1,3305700153,4.256131058,2.867603257
*C(C*)CCCC1CCCCC1,3218477325,4.141720784,3.080399286
*C1(CCC(CC1)C)C*,3003702215,4.718736033,2.721719687
*C(C*)(CCC)C,2589319935,5.571811401,2.587337735
*/C=C/CC*,1948824104,6.665661318,2.261726228
*/C=C\CC*,2224065487,6.665661318,1.932853367
*C=CCC*,1889092598,6.665661318,1.900867094
*C(C)C(C)*,2479554982,6.24326057,1.214402587
*C(C(CC*)C)C,2997521163,6.095059298,2.480514178
*C1C(CCC1)CC*,3095424335,5.788741745,2.854253131
*C=CCCCCCCCC*,2144171695,4.090953779,2.718664765
*C(C*)CCCCCCCCCCCCCCCCCCCC,2468480320,3.161566396,2.625512585
*/C=C/CCCCCCCCCC*,2398372181,3.758462509,2.618285623
*C(C*)CCCCCCCCCCCCCC,2482987436,3.520648814,2.625512585
*C=CCCCCCC*,2282436457,4.589623762,2.718664765
*/C=C/CCC*,1741803474,5.921314275,2.483230145
*C(C*)C(C)(C)C,2559884628,5.710870511,2.007683746
*/C=C\CCCC*,2221658345,5.388981757,2.317689495
*C(C*)CCCCCCCCCCCCC,2494758206,3.581551384,2.625512585
*C(CC)C(CC)*,2255835010,6.039480837,1.404320804
*C(C*)CCCCCCCCCCC,2232573581,3.742292234,2.625512585
*C(C*)CCCCCCCCC,2230989298,3.976062052,2.625512585
*C(C*)C1CC(CCC1)C,2848428912,5.128018786,2.845228215
*C(C*)C1CCC(CC1)C,2470219777,4.614649561,3.165882212
*C(C*)C1CC=CCC1,2238836564,5.51426473,2.612723983
*C(=CCC*)CCCCCCC,2275781877,4.073343596,2.53128912
*C(=CCC*)C(C)C,2468276940,5.428167138,2.107683218
*/C=C\CCC*,2183122795,5.921314275,2.185752721
*C(C*)CCC(C)(C)C,2365523781,5.149374899,2.458412312
*C1C(CC1)*,2332540975,6.793458439,1.508018445
*/C=C\*,2800524577,7.826338431,1.660729761
*/C=C\CCCCC*,2287760654,4.938276007,2.56187061
*C1CC(CC1)C=C*,2239557870,6.180094975,2.32671701
*/C=C/C(C*)C(CC)C,2483174899,5.885694654,2.188831912
*C(=CCC*)CCC,2190256533,5.283603007,2.290821083
*C=CCCCCCCCCCC*,2417201336,3.758462509,2.718664765
*C1(CCCCC1)C*,3244007903,4.755506776,2.010029386
*C=CC(CCCCC*)C,2340889656,5.1096311,3.241597045
*/C(=C\CC*)C(C)(C)C,2938562616,5.175253367,2.051376972
*C(C*)c1ccccc1,2474507328,4.11851035,2.195807612
*C(C*)c1c(cccc1)C,2794609495,4.129346484,2.092169959
*C(C*)c1c(cccc1)CC,2338315880,4.068682395,2.421444634
*C(C*)c1c(cccc1)COC,2402472377,4.045335129,2.608225064
*C(C*)c1c(cccc1)COCC,2254908598,3.977306734,2.400991369
*C(C*)c1c(cccc1)COCCC,2102634785,3.899670256,2.624504195
*C(C*)c1c(cccc1)COC(C)C,2207995987,3.998372025,2.599561713
*C(C*)c1c(cccc1)COCCCC,2463033223,3.764940777,2.661642313
*C(C*)c1c(cccc1)COCCCCC,2267395855,3.676521576,2.522406895
*C(C*)c1c(cccc1)COCCC(C)C,2677179238,3.807796494,2.955328623
*C(C*)c1c(cccc1)COCc1ccccc1,2603049630,3.349117609,2.36734915
*C(C*)c1c(cccc1)COCCc1ccccc1,2721888997,3.355344331,2.595108535
*C(C*)c1c(cccc1)C(=O)NC,2287042964,3.929106329,2.79211763
*C(C*)c1c(cccc1)C(=O)N(C)C,1689224518,3.887618497,2.896475441
*C(C*)c1c(cccc1)C(=O)Nc1ccccc1,2296679792,3.193131502,2.790596243
*C(C*)c1c(cccc1)C(=O)O,3579983504,3.948216667,2.192039543
*C(C*)c1c(cccc1)C(=O)OC,2150645252,3.837295398,2.089870635
*C(C*)c1c(cccc1)C(=O)OCC,2049524871,3.711398666,2.190311028
*C(C*)c1c(cccc1)C(=O)OCCC,2178905672,3.714071826,2.639670961
*C(C*)c1c(cccc1)C(=O)OC(C)C,2267766459,3.790108434,2.467091064
*C(C*)c1c(cccc1)C(=O)OCCCC,2079673923,3.610968998,2.624295737
*C(C*)c1c(cccc1)C(=O)OCC(C)C,2537130421,3.732460288,2.38677197
*C(C*)c1c(cccc1)C(=O)OCCCCC,2273988657,3.538396651,2.717138642
*C(C*)c1c(cccc1)C(=O)OCCC(C)C,2696146116,3.666626503,3.041385899
*C(C*)c1c(cccc1)C(=O)OCCCCCC,2241249015,3.485172624,2.83888191
*C(C*)c1c(cccc1)C(=O)Oc1ccccc1,2752708669,3.321362271,2.351329457
*C(C*)c1c(cccc1)C(=O)OCCN(C)C,2766297100,3.711714101,3.022018795
*C(C*)c1ccc(cc1)C(=O)OCCN(C)C,2623833157,3.613787885,3.089843411
*C(C*)c1c(cccc1)OC,2324333305,3.922949527,2.400737779
*C(C*)c1c(cccc1)Cl,1966085543,4.163283407,2.294767218
*C(C*)c1c(cccc1)F,1937181930,4.187324946,2.407295058
*C(C*)c1cc(ccc1)C,2448817067,4.1790311,2.822879196
*C(C*)c1cc(ccc1)CC,2115012345,4.076918758,2.866700886
*C(C*)c1cc(ccc1)c1ccc(cc1)c1ccccc1,2937731305,3.04323388,3.140369224
*C(C*)c1cc(ccc1)Cl,1909925845,4.203349561,2.331941777
*C(C*)c1cc(ccc1)F,2145471026,4.224672638,2.29773731
*C(C*)c1ccc(cc1)C,2268176177,4.077169561,2.314815286
*C(C*)c1ccc(cc1)CC,1874018044,3.954191485,2.499433175
*C(C*)c1ccc(cc1)C(C)C,2059387897,3.921450074,2.591048259
*C(C*)c1ccc(cc1)CCCC,2073662249,3.688362355,3.197522049
*C(C*)c1ccc(cc1)C(C)(C)C,2117500964,3.8964427,2.517668305
*C(C*)c1ccc(cc1)C(CC)C,2116421852,4.1713254,2.837898017
*C(C*)c1ccc(cc1)CCCCCC,2190053956,3.508642315,3.338917198
*C(C*)c1ccc(cc1)CCCCCCCC,2201867084,3.391874153,3.338917198
*C(C*)c1ccc(cc1)CCCCCCCCC,2272406928,3.348282784,3.338917198
*C(C*)c1ccc(cc1)CCCCCCCCCC,2454174040,3.312533036,3.338917198
*C(C*)c1ccc(cc1)CCCCCCCCCCCC,2066121238,3.260217637,3.338917198
*C(C*)c1ccc(cc1)CCCCCCCCCCCCCC,2419761740,3.228118484,3.338917198
*C(C*)c1ccc(cc1)CCCCCCCCCCCCCCCC,2509841289,3.211585483,3.338917198
*C(C*)c1ccc(cc1)CCCCCCCCCCCCCCCCCC,2671260572,3.207331128,3.338917198
*C(C*)c1ccc(cc1)c1ccccc1,2442926795,3.267400376,2.764095896
*C(C*)c1ccc(cc1)COCCOCC,2638527695,3.669356191,2.726303917
*C(C*)c1ccc(cc1)C#N,2794517371,4.208675402,2.256511188
*C(C*)c1ccc(cc1)Cl,2377392172,4.1097311,2.229277029
*C(C*)c1ccc(cc1)Br,2391433504,4.233529561,1.9896503
*C(C*)c1ccc(cc1)C(C(C(C(C(C(C(F)(F)F)(F)F)(F)F)(F)F)(F)F)(F)F)(F)F,2151511435,4.065470177,3.240153251
*C(C*)c1ccc(cc1)C(=NO)C,3110292994,4.150007138,2.430708832
*C(C*)c1ccc(cc1)C(O)(C)C,3144148375,4.147099249,2.70351459
*C(C*)c1ccc(cc1)C(CC)(O)C,2614080310,4.465240241,2.929858284
*C(C*)c1ccc(cc1)C(CCC)(O)C,2835678653,4.356420123,2.80376597
*C(C*)c1ccc(cc1)C(CCCC)(O)C,2761051897,4.220278286,2.964009867
*C(C*)c1ccc(cc1)C(CCCCC)(O)C,2456421145,4.117727744,3.078427117
*C(C*)c1ccc(cc1)C(CCN(C)C)O,3277107369,4.147510727,3.006730241
*C(C*)c1ccc(cc1)C(CCN1CCCCC1)O,3075568703,3.827767897,3.321326325
*C(C*)c1ccc(cc1)C(CCN1CCOCC1)O,4079241561,3.907315265,3.401291291
*C(C*)c1ccc(cc1)COC,2231050782,3.901488975,2.722398882
*C(C*)c1ccc(cc1)COCCO,3352061246,3.830512014,2.49077112
*C(C*)c1ccc(cc1)COCCC,2523658518,3.756454871,2.638273194
*C(C*)c1ccc(cc1)COCCCC,2395779642,3.631273085,2.624836095
*C(C*)c1ccc(cc1)COCCCCO,3771915836,3.670348499,2.462797718
*C(C*)c1ccc(cc1)COC(CC)C,2086379984,4.118770213,2.740969554
*C(C*)c1ccc(cc1)COCCCCCC,2455278117,3.492090443,2.774107518
*C(C*)c1ccc(cc1)COCCOCCCC,2813936687,3.556975091,2.855900213
*C(C*)c1ccc(cc1)C(=O)N(C)C,3057016372,3.766025036,2.928614891
*C(C*)c1ccc(cc1)C(=O)N(CC)CC,2600784376,3.620225171,2.89061844
*C(C*)c1ccc(cc1)C(=O)N1CCCCC1,2654565401,3.382868723,2.771595819
*C(C*)c1ccc(cc1)C(=O)CCN1CCCCC1,3659720981,3.443347611,2.659164001
*C(C*)c1ccc(cc1)C(=O)N1CCOCC1,3343611167,3.486690443,3.184507886
*C(C*)c1ccc(cc1)C(=O)OC,2456014968,3.7074039,2.257566943
*C(C*)c1ccc(cc1)C(=O)OCC,2021211473,3.594364895,2.353676982
*C(C*)c1ccc(cc1)C(=O)OCCC,2175107597,3.60501763,2.72642554
*C(C*)c1ccc(cc1)C(=O)OC(C)C,2597709818,3.675620061,2.662490556
*C(C*)c1ccc(cc1)C(=O)OCCCC,2353138432,3.508875708,2.741536662
*C(C*)c1ccc(cc1)C(=O)OCC(C)C,2687180682,3.628147579,2.647282878
*C(C*)c1ccc(cc1)C(=O)OCCCCCC,2327883661,3.394637065,3.0933926
*C(C*)c1ccc(cc1)C(=O)CC,2382438080,3.872464628,1.996986651
*C(C*)c1ccc(cc1)C(=O)CCC,2500976302,3.754210299,2.632143352
*C(C*)c1ccc(cc1)C(=O)CCCC,2611655646,3.637911686,2.72809572
*C(C*)c1ccc(cc1)C(=O)CCCCC,2594603380,3.53552219,2.687331465
*C(C*)c1ccc(cc1)C(=O)CCCCCCC,2578552054,3.425952885,2.758666899
*C(C*)c1ccc(cc1)C(=O)Cc1ccccc1,3687811550,3.251372527,2.472442757
*C(C*)c1ccc(cc1)C(=O)c1ccccc1,3373237093,3.248916687,2.609731613
*C(C*)c1ccc(cc1)C(=O)c1ccc(cc1)C,2981004557,3.260501797,2.71766328
*C(C*)c1ccc(cc1)F,2068854998,4.121648023,2.230364835
*C(C*)c1ccc(cc1)I,2007753852,4.4800511,2.229144347
*C(C*)c1ccc(cc1)N(C)C,2736501356,4.033002601,2.485086921
*C(C*)c1ccc(cc1)OC,2607218330,3.863511765,2.347030747
*C(C*)c1ccc(cc1)OCC,2368205562,3.77177359,2.58838613
*C(C*)c1ccc(cc1)OCCC,2037805646,3.702410876,2.795840951
*C(C*)c1ccc(cc1)OCCCC,1928174529,3.583183442,2.875655505
*C(C*)c1ccc(cc1)OCCC(C)C,2521820952,3.640218329,2.832148912
*C(C*)c1ccc(cc1)Oc1ccccc1,2964814987,3.266120045,2.684559151
*C(C*)c1ccc(cc1)c1ccc(cc1)c1ccccc1,2658208965,2.988485322,2.764095896
*C(C*)c1ccc(cc1)S(=O)(=O)OCCC,2818794187,3.968868315,2.630317523
*C(C*)c1c(cccc1Cl)Cl,1940815944,4.261052805,2.375184427
*C(C*)c1c(cc(cc1)C)C,2261298512,4.129150882,2.405744469
*C(C*)c1c(cc(cc1)C(C)C)C(C)C,1890004465,3.986670228,2.947158
*C(C*)c1c(cc(cc1)F)C,2311722688,4.210951363,2.66678826
*C(C*)c1c(cc(cc1)Cl)C,2158707941,4.19318069,2.514462643
*C(C*)c1c(cc(cc1)Cl)Cl,1839064324,4.193777805,2.470472001
*C(C*)c1c(ccc(c1)C)C,1982918504,4.132651363,2.553840964
*C(C*)c1c(ccc(c1)C(C)(C)C)C,2087895041,4.007883527,2.783698565
*C(C*)c1c(ccc(c1)C(C)C)C(C)C,1960816350,3.992155942,2.673435535
*C(C*)c1c(ccc(c1)Cl)Cl,2017112472,4.209982132,2.561490435
*C(C*)c1c(ccc(c1)F)F,1763680554,4.249335498,2.12656584
*C(C*)c1c(ccc(c1)C)F,2341931163,4.19441819,2.363151301
*C(C*)c1c(ccc(c1)Br)OCCCC,1653225026,3.784432315,2.397075466
*C(C*)c1c(ccc(c1)Br)OCC,2020473434,3.974842361,2.183288741
*C(C*)c1c(ccc(c1)Br)OC,1907947001,4.061929195,2.096859826
*C(C*)c1c(ccc(c1)Br)OCCC,1639093894,3.908936002,2.473239692
*C(C*)c1c(ccc(c1)Br)OC(C)C,1816460004,4.030805036,2.279720238
*C(C*)c1c(ccc(c1)Br)OCCCCC,1413767707,3.692322517,2.45138414
*C(C*)c1c(ccc(c1)Br)OCCC(C)C,2094204024,3.832950255,2.863136717
*C(C*)c1cc(cc(c1)C)C,2509661261,4.24813694,2.583428823
*C(C*)c1cc(c(cc1)C)C,2207074010,4.119692228,2.43987012
*C(C*)c1cc(c(cc1)Cl)C,1688734778,4.227432613,2.644022307
*C(C*)c1cc(c(cc1)Cl)Cl,1800372609,4.189658575,2.513574668
*C(C*)c1cc(c(cc1)Cl)F,1944664031,4.293457132,2.514140111
*C(C*)c1c(cc(cc1C)C)C,2347840192,4.203931509,2.406710412
*C(C*)c1c(cc(c(c1)C)C)C,2499239492,4.186416124,2.704355036
*C(C*)c1c(c(c(c(c1F)F)F)F)F,2301288934,4.552457242,2.763695551
*C(C*)(c1ccccc1)C,2490241595,4.039212638,2.314657348
*C(C*)(c1ccc(cc1)C(C)C)C,2068502851,3.86395663,2.736255714
*C(C(*)(F)F)(c1ccccc1)F,2018912018,3.925420196,1.809397732
*C(C(*)(F)F)(c1c(c(c(c(c1F)F)F)F)F)F,1635672814,4.260336535,2.129067633
*C(C*)c1c2c(ccc1)cccc2,2306736046,3.591751349,2.59103347
*C(C*)c1ccc(cc1)C(=O)C,2511918803,3.882471173,2.117206295
*C(C*)c1ccc(cc1)C(=O)CCN1CCOCC1,3752203662,3.52289498,2.914520786
*C(C*)(C(=O)OC)c1ccccc1,2290206484,3.923433049,2.175878352
*C(C*)(c1ccc(cc1)C)C,2170174729,3.992861459,2.426621645
*C(C(*)c1ccccc1)[N+](=O)[O-],1503036154,4.396950498,1.736667897
*C(C*)c1ccc(cc1)C(=O)C(F)(F)F,2256359674,3.995251546,2.605984507
*C(C*)c1ccc(cc1)C(=O)c1ccc(cc1)OC,3184711112,3.202997163,2.554756287
*C(C*)c1cc2c(cc1)cccc2,2338400628,3.637128657,2.593717072
*C(C*)c1ccncc1,3191263594,4.649238372,2.418390721
*C(C*)c1nc(ccc1)C,2580374055,4.5346511,2.124443631
*C(C*)c1ccc(nc1)C,2233380331,4.523463407,2.636301544
*C(C*)N1Nc2c(C1)cccc2,3081853228,4.620823902,2.867826529
*C(C(C(C*)c1ncccc1)c1ccccc1)c1ncccc1,2272399729,4.089378286,2.901175078
*C(C*)c1ccc(cc1)O,3895793571,4.274232638,2.406268443
*C(C*)c1ccc(cc1)OC(=O)C,2672856492,3.861347624,2.399095824
*C(C*)c1ccc(cc1)CCC,2075412112,3.834319744,2.744205299
*C(C*)c1ccc(cc1)COCCCCCCOc1ccc(cc1)c1ccc(cc1)OC,3529662211,3.136359982,3.247372029
*C(C*)c1ccc(cc1)COCC(CCCC)CC,2505009922,3.90994495,2.946891387
*C(C*)c1ccc(cc1)COCCOCCCCCCCC,2066533608,3.40654704,3.047789717
*C(C*)c1ccc(cc1)C(C(C(C(C(C(F)F)(F)F)(F)F)(F)F)(F)F)(F)F,1927784948,4.209067978,3.385829128
*C(CC(C*)c1ccccc1)(C(=O)OC)C#N,2870086836,4.380547524,2.419464185
*C(C*)c1cc(c(cc1)C(=O)O)C(=O)O,6533348457,3.881495502,2.404252028
*C(C(*)(c1c(c(c(c(c1[2H])[2H])[2H])[2H])[2H])[2H])([2H])[2H],2067982470,7.336055731,2.785828253
*C(C*)O,5935855516,6.978688097,1.493341398
*C(C*)C=O,5515093707,6.945298235,1.45264863
*C(C*)OC(=O)CCCCCCCCCCC,2583153362,3.596417574,2.545197208
*C(C*)C(=O)C,3934269766,6.098370096,1.597966639
*C(C*)C(=O)C(C)C,2571025344,5.405763945,1.990156317
*C(C*)(C(=O)C)C,2868288689,5.717939336,1.938267077
*C(C*)C#N,5912139120,6.957049004,1.641652013
*C(C*)(C#N)C,5333238048,6.378160142,1.759447849
*C(C*)c1ncccc1,2767351732,4.54603013,2.239721153
*C(C*)n1c2ccccc2c2ccccc12,2308110111,3.495918161,2.835422484
*C(C*)OC,3130844090,6.710052081,1.576835999
*C(C*)OCC,2259194628,6.003872811,1.682727578
*C(C*)OC(=O)C,2792032956,5.586391401,1.877757533
*C(C*)OC(=O)CC,2369834163,5.305917031,2.210544958
*C(C*)OC(=O)c1ccccc1,2736529599,3.721692821,2.049346104
*C(C*)CCCCCCCCCO,3449573905,3.994614426,2.591978351
*C(C*)CCN(C(C)C)C(C)C,2709482783,4.671247716,3.128049967
*C(C*)CCCN(C(C)C)C(C)C,2647940669,4.53656058,2.984180552
*C(C*)CCCN(CC(C)C)CC(C)C,2719797454,4.255536162,3.539063754
*C(C*)O[N+](=O)[O-],4461466878,6.172699863,1.738479144
*C=CC(C(*)C(=O)OC)C,2683456679,5.524918227,2.242364907
*C#C/C(=C(*)\COS(=O)(=O)c1ccc(cc1)C)COS(=O)(=O)c1ccc(cc1)C,3692011689,3.501503489,1.967030955
*C(C*)OC=O,4369687829,6.579095888,1.664394062
*C(C*)OCc1ccccc1,3073051193,3.861723365,2.021193735
*C(C*)OC(C)(C)C,2428411908,5.485058351,1.921744176
*C(C(*)OCC(C)C)C,2050342135,5.303431719,1.661767417
*C(C*)OC(C)C,2391684571,5.797088324,1.431134197
*C(C*)(OC)C,2615501362,6.194780051,1.838627922
*C(C*)OCC(C)(C)C,2002499220,5.331501668,2.120872273
*C(C*)OC(CC)C,2201283229,5.765753758,2.093383662
*C(C*)OC(=O)C(F)(F)F,2659743215,5.072641869,2.11885576
*/C=C/C(C*)OC,2410546717,6.28898283,2.06157118
*C=CCC(CC*)(C(=O)OC)C,2903047283,5.28177721,2.371286488
*C(C*)CCc1c(cccc1)C,3182333832,3.921254359,2.779502585
*C(C*)CCc1ccc(cc1)C,3115947806,3.783712052,2.795368913
*C(C*)OCCCCCCCCCCCC,2503470824,3.656808114,2.650368317
*C(C(*)OCCCC)C,2083611140,5.037623057,1.858590733
*C(C(*)OC(C)(C)C)C,2242372017,5.418314181,1.907809028
*C(C(*)OCC)C,1985876447,5.812646221,1.515865383
*C(C(*)OC(C)C)C,1976632500,5.668910584,1.736531255
*C(C(*)OC)C,2332119388,6.351905505,1.641434332
*C(C(*)OCCC)C,1784065598,5.463949745,1.977174733
*C(C*)Cc1c(ccc(c1)C)C,2507105676,4.053787656,2.708661214
*C(C*)Cc1cc(c(cc1)C)C,2817904927,3.973032931,2.932172107
*C(C*)Cc1cc(cc(c1)C)C,2534902624,4.093371832,2.645625807
*C(C*)Cc1cc(ccc1)C,2932289415,4.001113164,2.595391207
*C(C*)Cc1c(cccc1)C,2744415284,4.00518729,2.450931713
*C(C*)Cc1ccc(cc1)C,2769176666,3.880832045,2.622868022
*C(C(*)O)C,3781096616,6.383767078,1.549197553
*C(C*)OC(=O)c1ccc(cc1)C(C)(C)C,2240584094,3.63338196,2.440088343
*C(C*)C(=O)C(C)(C)C,2633748368,5.164445515,2.326050448
*C(C*)C(=O)C1CCCCC1,2583173288,4.311984492,2.437647472
*C(C*)C(=O)c1c(cccc1)O,3134442664,4.07629359,2.102351593
*C=CC(C*)OC,2593097373,6.28898283,1.961591924
*C(=CCC*)c1ccccc1,2701219559,3.890217127,2.004806714
*C(O)C(*)O,7028861986,6.524273587,1.42555481
*C(C*)OCC(CCCC)CC,2286188898,4.772489839,2.832478469
*C(C*)SCCCC,2154651038,5.279848386,1.963706094
*C(C*)OC1CCCCC1,2874643249,4.537443854,2.351096697
*C(C*)SCC,2501097814,6.32843435,1.957529269
*C(C(*)(F)F)(OC(C(C(C(F)(F)F)(F)F)(F)F)(F)F)F,1503470315,4.412221094,2.037766671
*C(C(*)(F)F)(OC(C(F)(F)F)(F)F)F,1428882034,4.867606739,2.525733067
*C(C(*)(F)F)(OC(F)(F)F)OC(F)(F)F,1552498150,4.372628361,2.245803978
*C(C(*)(F)F)OC(F)(F)F,2321454540,5.285000449,1.826825525
*C(C(*)F)(OC(F)(F)F)F,2502408358,5.550520298,2.051355589
*C(C(*)(F)F)(OC(F)(F)F)F,2095113058,5.082629797,1.768033137
*C(C*)OCC(CC)(C)C,2305150212,5.330802308,2.551068225
*C(C*)SC,3001179776,6.994858235,1.985185494
*C(C*)OCCC,2303284968,5.553850962,2.419370757
*C(C*)(C(=O)C)F,3794318000,5.776457555,2.21671308
*C(C*)C(=O)c1ccccc1,3098742659,3.858325751,2.158174491
*C(C*)C(=O)c1cc(c(cc1)Br)OC,2688111858,3.965416574,2.488393281
*C(C*)C(=O)c1ccc(cc1)C(C)(C)C,2703135559,3.719805392,2.442354473
*C(C*)C(=O)c1ccc(cc1)Cl,2566986356,3.843250953,2.178413807
*C(C*)C(=O)c1ccc(cc1)CC,2532135613,3.737344385,2.663855884
*C(C*)C(=O)c1ccc(cc1)C(C)C,2411094152,3.726148113,2.477756022
*C(C*)C(=O)c1ccc(cc1)OC,3063925087,3.658596207,2.188614811
*C(C*)C(=O)c1cc(c(cc1)C)C,3035112746,3.876612763,2.724992176
*C(C*)C(=O)c1ccc(cc1)CCC,2345436277,3.655645946,2.799986795
*C(C*)C(=O)c1ccc(cc1)C,2882950487,3.815341063,2.341465324
*C(C*)OC(=O)c1c(cccc1)OC(=O)C,3181618786,3.699798415,2.384217484
*C(C*)OC(=O)c1ccc(cc1)OC(=O)C,2782073800,3.611812128,2.508578189
*C(C*)OC(=O)CCCC(=O)c1ccccc1,3942492622,3.525957266,2.252052702
*C(C*)OC(=O)c1cc(ccc1)Br,3374836956,3.908435478,2.24753209
*C(C*)OC(=O)c1ccc(cc1)Br,2788314247,3.816515236,2.069312277
*C(C*)OC(=O)c1ccc(cc1)OC(=O)CCC,2404498692,3.552371837,2.838515425
*C(C*)OC(=O)c1c(cccc1)Cl,3365498623,3.805143171,2.004424366
*C(C*)OC(=O)c1cc(ccc1)Cl,2849035844,3.823256126,2.066267781
*C(C*)OC(=O)c1ccc(cc1)Cl,2910650737,3.718779608,2.198984149
*C(C*)OC(=O)C1CCCCC1,2634238079,4.135492821,2.028792513
*C(C*)OC(=O)CC1CCCCC1,2624693320,4.122741053,2.527393281
*C(C*)OC(=O)CCCC1CCCCC1,3579861629,3.889993085,2.616901214
*C(C*)OC(=O)c1ccc(cc1)OCC,2663584164,3.517632665,2.547613731
*C(C*)OC(=O)c1ccc(cc1)CC,2258854439,3.633914239,2.52969193
*C(C*)OC(=O)C(C(C(F)(F)F)(F)F)(F)F,2192966566,4.617289353,2.188736479
*C(C*)OC(=O)C1(C(C(C(C(C1(F)F)(F)F)(F)F)(F)F)(F)F)F,2315560809,5.184743567,2.382470668
*C(C*)NC(=O)OC(C)(C)C,2082257430,4.469647709,1.756096196
*C(C*)OC(=O)C(C(C(C(C(C(C(C(C(F)(F)F)(F)F)(F)F)(F)F)(F)F)(F)F)(F)F)(F)F)(F)F,2822663229,4.241333693,2.336462478
*C(C*)OC(=O)C(C(C(C(C(F)(F)F)(F)F)(F)F)(F)F)(F)F,2343945316,4.40065683,2.336462478
*C(C*)OC(=O)C(C(C(C(C(C(C(F)(F)F)(F)F)(F)F)(F)F)(F)F)(F)F)(F)F,2449259293,4.33189942,2.336462478
*C(C*)OC(=O)C(C(F)(F)F)(F)F,2340978991,4.879042933,2.291239773
*C(C*)OC(=O)C(C(C(C(F)(F)F)(F)F)(F)F)(F)F,1910394908,4.47567752,2.332636574
*C(C*)OC(=O)c1ccncc1,3335203934,4.109865898,2.258440705
*C(C*)OC(=O)c1ccc(cc1)C(C)C,2177906226,3.631763174,2.390457697
*C(C*)OC(=O)C(C(C)C)(C(C)C)C,2296373266,4.947709786,2.340061748
*C(C*)OC(=O)c1c(cccc1)OC,3178415039,3.656351762,2.369076168
*C(C*)OC(=O)c1cc(ccc1)OC,3015440701,3.649864332,2.206905911
*C(C*)OC(=O)c1ccc(cc1)OC,2821725416,3.560928122,2.225720157
*C(C*)OC(=O)c1c(cccc1)C,3402628031,3.798566248,2.237447447
*C(C*)OC(=O)c1cc(ccc1)C,3255741143,3.793443171,2.155090052
*C(C*)OC(=O)c1ccc(cc1)C,2364609877,3.69307313,2.17194137
*C(C*)OC(=O)CC(c1ccccc1)(C)C,3212880326,3.931917144,2.642100113
*C(C*)OC(=O)C(CCC)(C)C,2375116983,4.748450513,2.86439284
*C(C*)OC(=O)C(C(CC)(C)C)(C)C,2500599630,4.934350119,2.797336726
*C(C*)OC(=O)C(C(C(C)C)C)(C)C,2229625258,5.131941343,2.660376799
*C(C*)OC(=O)C(CC(C)(C)C)(C)C,2719098223,4.609496897,2.354629982
*C(C*)OC(=O)c1cnccc1,3339923300,4.098504359,2.258963286
*C(C*)OC(=O)c1cc(ccc1)[N+](=O)[O-],3779421400,3.78801219,2.241143895
*C(C*)OC(=O)CCCCCCC,2375828080,3.959061389,2.545197208
*C(C*)OC(C(F)(F)F)(C(F)(F)F)F,2242950729,4.963874651,2.240680462
*C(C*)OC(=O)CCl,2990312423,5.576874222,1.93936562
*C(C*)C1=CC=CS1,2802018858,4.94299754,2.160740777
*C(C*)OCCCl,3180260915,6.005327885,2.225075117
*C(C*)OCCOC,2812656541,5.180525309,2.281234034
*C(C*)OCC(F)(F)F,2395830512,5.348537976,2.348216352
*C(C*)(CC(=O)OCCCCCCC)C(=O)OCCCCCCC,2389731618,3.623210494,2.907005616
*C(C*)OC(=O)C1CCCC1,2643711680,4.318345332,1.998059804
*C(C*)OC(=O)C1(CCCCC1)C,2679601379,4.511133049,2.300227425
*C(C*)P(=O)(c1ccccc1)c1ccccc1,1937242209,3.766293158,2.094909895
*C(C*)P(=O)(OCC)N(C)C,2686374423,5.730037145,2.087773512
*C(C*)P(=O)(N(C)C)Oc1ccccc1,2392993688,4.569586492,2.213018943
*C(C*)c1nc(nc(n1)C)C,2783626578,5.033529728,2.501540349
*C(C*)OC(=O)CCCCCCCCC,2276551846,3.744948749,2.545197208
*C(C*)OC(=O)CCCCC,2052516830,4.274903286,2.417383257
*C1c2c(CC1*)cccc2,2112730640,4.635708178,2.468062865
*C1C(=O)OC(=O)C1C(C*)OC,3956187277,5.687979376,2.25919824
*C(C(C(C*)OC)C(=O)O)C(=O)O,5921160021,5.317389585,2.462643902
*C(=CCCC*)c1ccc(cc1)OC,2976150997,3.58706169,2.47027152
*C(=CCCC*)c1ccccc1,3277067755,3.801965738,2.370371669
*C(=CCCC*)c1ccc(cc1)Cl,3030631113,3.774280586,2.575535507
*C(C*)CNc1ccc(cc1)[N+](=O)[O-],4902329948,3.883303732,2.225171942
*C(C*)CNc1ncc(cc1)[N+](=O)[O-],4265340753,4.233388535,2.436172781
*C(C*)CNc1c(cc(cc1)[N+](=O)[O-])C,4109965495,3.950337414,2.573091304
*C(C*)CNc1cc(c(cc1)[N+](=O)[O-])C(F)(F)F,4344893393,3.997361553,2.891434179
*C(C*)CNc1c(cc(cc1)[N+](=O)[O-])[N+](=O)[O-],5322015187,3.930110805,2.465355325
*C1C(C(C(C1)C*)OC(=O)CCCCCCCCCCOc1ccc(cc1)c1ccc(cc1)C#N)OC(=O)CCCCCCCCCCOc1ccc(cc1)c1ccc(cc1)C#N,3256926659,4.580411695,4.055494238
*C1C(CC(C1)C*)OC(=O)CCCCCCCCCCOc1ccc(cc1)c1ccc(cc1)C#N,3711675480,4.004602305,4.135361336
*C1C(CC(C1)OC(=O)CCCCCCCCCCOc1ccc(cc1)c1ccc(cc1)C#N)CC*,3633355257,4.060285617,4.325466094
*C(C*)N1CNCC1,3933109464,5.628498463,2.987719511
*C(C*)OCCCCCCCCCCCCCCCCCC,2486537231,3.365436379,2.650368317
*C(C*)OC(=O)c1ccc(cc1)C#N,3269379313,3.838742756,2.372263796
*C(C*)OCC(CC(C)C)(C)C,2683206986,5.003400164,2.613332939
*C(C(*)(F)F)(OC(C(F)F)F)F,2241585534,5.690925259,2.5754827
*C(C*)C(=O)c1ccc(cc1)Br,2744868976,3.94936392,1.95125496
*C(C*)OC(=O)CC1CCCC1,2774396547,4.284604359,2.464452774
*C(C*)N1C(=O)CCC1,3120947957,4.96253654,2.500617729
*C1C(C2C(C1)C(C(C2)CC*)OC(=O)CCCCCCCCCCOc1ccc(cc1)c1ccc(cc1)C#N)OC(=O)CCCCCCCCCCOc1ccc(cc1)c1ccc(cc1)C#N,3699243773,5.05146379,4.32090625
*C(C*)C(=O)O,7766097863,6.012654259,1.712525158
*C(C*)C(=O)OC,3309273117,5.463576017,1.858321851
*C(C*)C(=O)OCC,2914355859,5.019819372,1.731992229
*C(C*)C(=O)OCCC,2206494604,4.830725692,2.153847262
*C(C*)C(=O)OC(C)C,2380634223,4.986610591,2.21771037
*C(C*)C(=O)OCCCC,2235726690,4.513030728,2.461062195
*C(C*)C(=O)OCC(C)C,2819254261,4.736644067,1.901331169
*C(C*)C(=O)OC(C)(C)C,2285800834,4.714590587,2.045417639
*C(C*)C(=O)OCCCCCC,2398364056,4.1081437,2.700456845
*C(C*)C(=O)OCCCCCCC,2433889487,3.965601875,2.700456845
*C(C*)C(=O)OCCCCCCCC,2337797654,3.848104107,2.700456845
*C(C*)C(=O)OCCCCCCCCCCCC,2479269925,3.544598749,2.700456845
*C(C*)C(=O)OCCCCCCCCCCCCCC,2460959896,3.457792845,2.700456845
*C(C*)C(=O)OCCCCCCCCCCCCCCCC,2408547463,3.398669353,2.700456845
*C(C*)C(=O)OCCCCCCCCCCCCCCCCCC,2504860274,3.360434914,2.700456845
*C(C*)C(=O)OCCCCCCCCCCCCCCCCCCCCCC,2593715894,3.279730322,2.700456845
*C(C*)C(=O)OCC=C,2577645210,5.172193148,2.030259418
*C(C*)C(=O)OC1C2(CCC(C1)C2(C)C)C,2753091642,5.731196017,2.758872268
*C(C*)C(=O)OCC(F)(F)F,3166527441,4.840087709,2.259168589
*C(C*)C(=O)OCC(C(F)(F)F)(F)F,2387095450,4.725325587,2.362482237
*C(C*)C(=O)OC(C(F)(F)F)C(F)(F)F,2304416596,4.766390008,2.319177607
*C(C*)C(=O)OC(C(F)(F)F)(C(F)(F)F)F,2046884719,4.768050328,2.296777126
*C(C*)C(=O)OC(C(Cl)(F)F)(C(F)(F)F)F,1789555856,5.192919276,2.398826118
*C(C*)C(=O)OC(C(Cl)(F)F)(C(Cl)(F)F)F,2302111458,5.100651829,2.437617948
*C(C*)C(=O)OCC(C(F)C(F)(F)F)(F)F,3010873642,5.064550957,2.676788954
*C(C*)C(=O)OCC(C(C(F)(F)F)(F)F)(F)F,2279544936,4.543768147,2.260619059
*C(C*)(C(=O)OC)C,2738743229,5.222390519,1.954460208
*C(C*)(C(=O)OCC)C,2351727356,4.835133668,1.654836585
*CC(*)(C)C(=O)OCCC,2186132752,4.682604506,2.256957029
*CC(*)(C)C(=O)OC(C)C,2142592716,4.843529048,2.102664995
*C(C*)(C(=O)OCCCC)C,2090120515,4.404151828,2.223153367
*CC(*)(C)C(=O)OC(C)CC,2145882837,4.978370991,2.500648397
*CC(*)(C)C(=O)OCC(C)C,2447415565,4.604421555,2.351313477
*CC(*)(C)C(=O)OC(C)(C)C,1681763097,4.605592112,1.982669098
*CC(*)(C)C(=O)OCCCCCC,2566448000,4.046460164,2.451969631
*CC(*)(C)C(=O)OCCCCCCCC,2588451323,3.813968899,2.451969631
*CC(*)(C)C(=O)OCCCCCCCCCCCC,2167101011,3.540160405,2.451969631
*CC(*)(C)C(=O)OC1CCCCC1,2700321441,4.145139122,2.374137607
*CC(*)(C)C(=O)Oc1ccccc1,2787466475,3.772101875,2.067404849
*CC(*)(C)C(=O)OCc1ccccc1,3235861146,3.617015177,2.038416872
*CC(*)(C)C(=O)OCCBr,2716905807,5.110529781,2.211202496
*CC(*)(C)C(=O)OCc1ccccc1Cl,2976795986,3.742210401,2.313063453
*CC(*)(C)C(=O)OCCO,3743484423,4.846542968,2.123711376
*CC(*)(C)C(=O)OCCN(C)C,2647978860,4.48245331,2.508906369
*CC(*)C(N)=O,7230985891,6.127520323,1.988213159
*CC(*)C(=O)NC(C)C,2473883014,4.878294899,2.363715317
*CC(*)C(=O)OC(CC)CC,2171098467,4.81019699,2.38418602
*CC(*)C(=O)OC1CCCCC1,3097275248,4.215646667,2.202371784
*CC(*)C(=O)OCC(C)(C)C,2687750528,4.792507709,2.194629621
*CC(*)C(=O)OCCC#N,5118664504,4.999804203,2.107456608
*CC(*)C(=O)N1CCCCC1,3190480132,4.148969108,2.223820704
*CC(*)C(=O)N1CCOCC1,3566676698,4.309420856,2.39868076
*CC(*)C(=O)Oc1ccccc1,3508343325,3.813915898,2.183130584
*CC(*)C(=O)Oc1ccc(OC)cc1,2795821864,3.635129998,2.221102402
*CC(*)C(=O)Oc1ccccc1C(=O)OC,3540168395,3.64802584,2.36158652
*CC(*)C(=O)Oc1ccccc1C(=O)OCC,3241318848,3.564583175,2.42104397
*CC(*)C(=O)Oc1cccc(C(=O)OC)c1,3767843249,3.635793064,2.093680184
*CC(*)C(=O)Oc1cccc(C(=O)OCC)c1,2938132421,3.55590531,2.260591496
*CC(*)C(=O)Oc1ccc(C(=O)OC)cc1,3307421433,3.55077768,2.503937176
*CC(*)C(=O)Oc1ccc(C(=O)OCC)cc1,2970663047,3.476094949,2.599573121
*CC(*)C(=O)Oc1ccc(C(=O)OCCCC)cc1,3138008986,3.434725719,3.283367483
*CC(*)C(=O)Oc1ccc(-c2ccccc2)cc1,3635382971,3.221016117,3.035590574
*CC(*)C(=O)OCc1ccccc1,3372019776,3.626775373,2.045129653
*CC(*)C(=O)OCCc1ccccc1,3347119008,3.626917508,2.449288245
*CC(*)C(=O)Oc1cccc(N(C)C)c1,3897183839,3.900236877,2.955698941
*CC(*)C(=O)Oc1ccc(C#N)cc1,4226903663,3.912944633,2.529156243
*CC(*)C(=O)OCc1ccc(C#N)cc1,3440654345,3.776074274,2.32107073
*CC(*)C(=O)Oc1ccc(Cl)cc1Cl,3009663615,3.903427344,2.386188585
*CC(*)C(=O)Oc1c(Cl)c(Cl)c(Cl)c(Cl)c1Cl,2411095349,4.368086724,2.173910081
*CC(*)C(=O)N(C)C,3108795607,5.309671638,1.938986852
*CC(*)(C)C(=O)OCCOC,2860698988,4.502959769,2.473601025
*CC(*)(C)C(=O)OCC(C)O,3761681335,5.09968176,2.379876468
*CC(*)(C)C(=O)OCCC#N,4038650157,4.859520563,2.166617551
*CC(*)(C)C(=O)OCCO[N+](=O)[O-],4223472191,4.692868272,2.569282744
*CC(*)(C)C(=O)OCCS(=O)CC,3349362503,5.226786938,2.440199551
*CC(*)(C)C(=O)Oc1ccc(CC#N)cc1,3741471528,3.900660957,2.77726941
*CC(*)(C)C(=O)Oc1ccc(C(=O)OC)cc1,3222821680,3.540021382,2.243027164
*CC(*)(CC)C(=O)OCC,2082632532,4.847472638,2.019434421
*CC(*)(CC(=O)OCC)C(=O)OCC,2648453379,4.232578202,1.85295291
*CC(*)(CC(=O)OCCCC)C(=O)OCCCC,2353997408,3.930038892,2.499476943
*CC(*)(CC(=O)OC1CCCCC1)C(=O)OC1CCCCC1,1692506996,3.833911483,2.773551054
*CC(*)(CC(=O)OCC1CCCCC1)C(=O)OCC1CCCCC1,2556878009,3.769655065,2.834188714
*CC(*)(CC(=O)OCCC1CCCCC1)C(=O)OCCC1CCCCC1,2932044006,3.766673588,2.883706876
*CC(*)(CC(=O)OCCCC1CCCCC1)C(=O)OCCCC1CCCCC1,2751209353,3.713901449,3.24560821
*CC(*)(CC(=O)Oc1ccccc1)C(=O)Oc1ccccc1,2212545850,3.398230536,2.25594021
*CC(*)(CC(=O)OCc1ccccc1)C(=O)OCc1ccccc1,2897894616,3.280039464,2.15499973
*CC(*)(CC(=O)OCCc1ccccc1)C(=O)OCCc1ccccc1,3301249202,3.352475786,2.521193912
*CC(*)(CC(=O)OCCCc1ccccc1)C(=O)OCCCc1ccccc1,3055910699,3.331624156,2.937571144
*CC(*)(C)C(=O)Oc1ccc(C#N)cc1,3094599509,3.877648326,2.429660644
*CC(*)(CC(=O)OC)C(=O)OC,2840130031,4.609791772,2.380296998
*C(*)C(=O)OCC,2236436681,4.275195253,1.446612923
*C(*)C(=O)OC,2569277514,4.748019062,1.63566579
*C(*)C(=O)OCCC,2100937306,4.097599914,1.859860786
*CC(*)(CC(=O)OCCC)C(=O)OCCC,2314726780,4.164554268,2.420213892
*CC(*)C(=O)OCCO,5094194840,5.007274804,2.158216817
*CC(*)(CCC(C)C(=O)OC)C(=O)OC,2692095553,4.660217305,2.895854427
*CC(*)C(=O)OC1CCCCCCCCCCC1,3782547181,4.002898675,2.202371784
*C(C*)Cl,3788795128,7.135942642,1.417108751
*C(C*)(F)F,3991883480,5.843684394,1.85435463
*CC(*)(Cl)Cl,4338494093,6.157800371,1.483602824
*C(F)C(*)(F)F,4341654415,5.82163435,1.487361632
*C(F)(F)C(F)(F)*,3240212268,4.853723249,1.24120937
*C(C(*)(F)F)(Cl)F,3527834289,5.483081989,1.334911134
*CCC=C(*)Cl,3114848167,6.208915894,1.926935727
*C(F)(F)C(*)(F)C(F)(F)F,1955835285,5.101892946,1.58212187
*/C(=C/CC*)C,2563058158,6.04486974,2.0073573
*CC/C=C(\*)C,2563306450,6.04486974,1.797224265
*CC/C=C(/*)Cl,3219993975,6.208915894,2.027229309
*CC/C=C(\*)Cl,3223289437,6.208915894,1.914663223
*CC(*)C=C,1791447898,7.034292081,1.67757494
*CCC=C(*)C,2580134993,6.04486974,1.937320885
*OCC*,2417919907,6.934138441,1.822175729
*OC(C*)C,2995279063,6.709885927,1.68301329
*CC(CCl)O*,3569770678,6.498688196,1.738271376
*CCCCO*,2130153504,5.63907136,2.66905341
*Oc1c(cc(cc1C)*)C,2526648597,4.468543042,2.459662969
*Oc1c(OC)cc(*)cc1OC,3045428347,3.920043706,1.956879941
*Oc1c(-c2ccccc2)cc(*)cc1-c1ccccc1,2564389667,2.949735928,2.954260293
*C(=O)OCCOC(=O)c1ccc(*)o1,3529581655,3.918786027,2.886619528
*CCOCCOC(=O)c1cccc(C(=O)O*)c1,4328883956,3.248863457,2.799870794
*CCOc1ccc(C(=O)OCCOC(=O)c2ccc(O*)cc2)cc1,4352088398,2.837547785,3.2427541
*CCCCOc1ccc(C(=O)OCCOC(=O)c2ccc(O*)cc2)cc1,4372086920,2.841387929,3.627154099
*Oc1ccc(NC(=O)c2cccc(C(=O)Nc3ccc(*)cc3)c2)cc1,4072671990,2.729224264,3.342915914
*Oc1ccc(cc1)S(=O)(=O)c1ccc(cc1)*,3522996881,3.30668958,2.388606119
*Oc1ccc(cc1)S(=O)(=O)c1ccc(cc1)Oc1ccc(cc1)C(c1ccc(cc1)*)(C)C,3416706721,3.035915227,3.285192529
*Oc1ccc(S(=O)(=O)c2ccc(Oc3ccc(Cc4ccc(*)cc4)cc3)cc2)cc1,3726093008,2.88340288,3.405904267
*Oc1ccc(cc1)C(c1ccc(cc1)OCC(C*)O)(C)C,3731060052,3.566106065,2.997097541
*CC1CC(*)OC(CCC)O1,2580969489,5.704164486,2.813359617
*Oc1ccc(cc1)Oc1ccc(cc1)C(=O)c1ccc(cc1)*,3532699654,2.861729794,2.971377658
*Oc1cccc(S(=O)(=O)c2ccc(*)cc2)c1,3758774452,3.415282195,3.207795251
*Oc1ccc(S(=O)(=O)c2ccc(Oc3ccc(C(c4ccc(*)cc4)(C(F)(F)F)C(F)(F)F)cc3)cc2)cc1,3214785948,3.260809032,3.544873635
*Oc1ccc(S(=O)(=O)c2ccc(Oc3c(C)cc(C(C)(C)c4cc(C)c(*)c(C)c4)cc3C)cc2)cc1,2577593403,3.30701363,3.80663274
*Oc1ccc(S(=O)(=O)c2ccc(Oc3ccc(-c4ccc(*)cc4)cc3)cc2)cc1,3588163806,2.800564558,3.205295566
*Oc1ccc(Oc2ccc(Oc3ccc(S(=O)(=O)c4ccc(*)cc4)cc3)cc2)cc1,3161314728,2.723839339,2.704192384
*CCOCC(=O)O*,4609262149,5.040476084,2.155222124
*CCOCCOC(=O)c1ccc(-c2ccc(C(=O)O*)cc2)cc1,4168748649,2.878038235,3.150197955
*Oc1ccc(S(=O)(=O)c2ccc(Oc3ccc(C(=O)c4cccc(C(=O)c5ccc(*)cc5)c4)cc3)cc2)cc1,3498355359,2.966076665,3.780777307
*CCCCCCOC(=O)Nc1ccc(C)c(NC(=O)OCCCCCCOc2ccc(-c3ccc(O*)cc3)cc2)c1,3878722335,3.069806397,4.178635758
*CS*,3476335284,7.725584585,1.743447602
*CCS*,2837736480,7.087585779,2.144070364
*CCCSS*,2734301393,6.155379862,2.790381754
*Sc1ccc(cc1)*,3552003260,4.842239084,1.640430364
*Oc1ccc(Sc2ccc(OC(*)=O)cc2)cc1,3646064449,3.183743815,2.511866732
*OC(=O)CCC(=O)OCC*,4986922017,4.178423292,2.352841981
*CCCCOC(=O)CCC(=O)O*,4019313681,3.85735265,2.444559822
*OC(=O)CCCCCCCCC(=O)OCC*,3588367146,3.373735426,2.666764439
*CCCCCCOC(=O)CCCCCCCCC(=O)O*,3668954902,3.188787377,2.838848148
*OC(=O)c1ccc(cc1)C(=O)OCC*,4133192529,3.242235189,2.192222352
*OC(=O)c1cc(ccc1)C(=O)OCC*,4181702589,3.341468056,2.470316474
*OC(=O)c1ccc(cc1)C(=O)OCCCC*,3879953975,3.138478195,2.791153058
*CCCCCCOC(=O)c1ccc(C(=O)O*)cc1,3238301005,3.039227334,3.033320041
*Oc1ccc(cc1)C(c1ccc(cc1)OC(=O)c1ccc(cc1)C(=O)*)(C)C,3507051060,2.891741845,3.066278621
*Oc1ccc(cc1)C(c1ccc(cc1)OC(=O)c1cc(ccc1)C(=O)*)(C)C,3466136858,2.943259793,3.075818323
*OC(=O)c1cc2c(cc1)ccc(c2)C(=O)OCC*,4168146088,3.151010301,2.730253109
*OC(=O)c1cc2c(cc1)cc(cc2)C(=O)OCC*,3783144764,3.117240521,2.807153714
*CCCCOC(=O)CCCCC(=O)O*,3890664844,3.587904419,2.596134369
*Oc1ccc(C2(c3ccc(OC(=O)c4cccc(C(*)=O)c4)cc3)c3ccccc3-c3ccccc32)cc1,3043238205,3.037454116,3.823380504
*CCOC(=O)c1cccc2c(C(=O)O*)cccc12,4656445683,3.168399587,2.563259332
*CCOC(=O)c1ccc(C(=O)O*)c2ccccc12,4433086588,3.173651235,2.54294213
*CCCCCC(=O)O*,3361584703,4.449125777,2.355163566
*CCCOC(=O)c1ccc(C(=O)O*)cc1,4339311755,3.190785076,2.637221462
*Oc1ccc(cc1)c1ccc(cc1)OC(=O)CCCCCC(=O)*,4369909795,2.876883739,3.277381974
*Oc1ccc(-c2ccc(OC(=O)CCCCCCC(*)=O)cc2)cc1,3925917907,2.866780009,3.277381974
*Oc1ccc(-c2ccc(OC(=O)CCCCCCCC(*)=O)cc2)cc1,3984606045,2.860045243,3.277381974
*Oc1ccc(-c2ccc(OC(=O)CCCCCCCCC(*)=O)cc2)cc1,3609782640,2.856321006,3.277381974
*Oc1ccc(-c2ccc(OC(=O)CCCCCCCCCC(*)=O)cc2)cc1,3593886721,2.855299954,3.277381974
*Oc1c(cc(cc1)OC(=O)c1ccc(cc1)c1ccc(cc1)C(=O)*)C,3525567446,2.76426665,3.447329563
*Oc1ccc(cc1)S(=O)(=O)c1ccc(cc1)OC(=O)c1ccc(cc1)C(=O)*,3870957741,2.814058084,3.530368265
*Oc1ccc(-c2ccc(OC(=O)CCCCCCCCCCC(*)=O)cc2)cc1,2857168200,2.856716967,3.277381974
*Oc1ccc(-c2ccc(OC(=O)CCCCCCCCCCCC(*)=O)cc2)cc1,2989076255,2.860342079,3.277381974
*Oc1ccc(-c2ccc(OC(=O)CCCCCCCCCCCCC(*)=O)cc2)cc1,3237726830,2.865974786,3.277381974
*CC1CCC(COC(=O)CCC(=O)O*)CC1,3929595292,3.590970503,2.830753968
*OC(C)CC(*)=O,2902530357,5.857789863,2.133687566
*OC(C)C(*)=O,2559011352,5.979936612,1.929168268
*CC(C)(CCC)C(=O)O*,2542986985,5.154347913,2.70025892
*OC(=O)c1ccc(cc1)c1ccc(cc1)C*,3549503802,2.912253435,2.864676991
*CC1CCC(COC(=O)CCCCCCCCC(=O)O*)CC1,3743823671,3.251278053,3.198186193
*OC(=O)c1ccc(cc1)C(=O)NCCNC(=O)c1ccc(cc1)C(=O)OCCCCCCCCCC*,3924977280,2.87261436,3.924912951
*CCOC(=O)C1CCC(C(=O)O*)CC1,4336905601,3.702814909,2.198541328
*OC(=O)c1ccc(cc1)c1ccc(cc1)C(=O)OCC*,3851046061,2.835290603,2.917199222
*OC(=O)CCCCCNC(=O)CCCCC(=O)NCCCCCC(=O)OCCCCCC*,3925504351,3.112041669,3.561922714
*CCCCCCOC(=O)CCCCCCCC(=O)O*,3399000921,3.230493686,2.838848148
*CCCCCCOC(=O)c1ccc(-c2ccc(C(=O)O*)cc2)cc1,3253530141,2.809026579,3.530399368
*CC(C)(C)COC(=O)CCC(=O)O*,3821820322,4.020644361,2.295732528
*Oc1ccc(cc1)C(c1ccc(cc1)OC(=O)CCCCC(=O)*)(C)C,4268758805,3.077624423,2.829576512
*CCCCCCOC(=O)c1ccc2cc(C(=O)O*)ccc2c1,3880822902,3.016154071,3.355636815
*CCCCCOC(=O)c1ccc2cc(C(=O)O*)ccc2c1,3832895254,3.040121075,3.355636815
*CCCCOC(=O)c1ccc2cc(C(=O)O*)ccc2c1,3924547121,3.069527327,3.105284936
*CCCOC(=O)c1ccc2cc(C(=O)O*)ccc2c1,3975407949,3.095071261,3.037825852
*CCCCNC(=O)CCCCC(=O)N*,5258292714,3.481814559,2.644669949
*NC(=O)CCCCC*,4718982342,4.403105264,2.519597094
*NC(=O)CCCCC(=O)NCCCCCC*,4446220840,3.314842195,2.889918099
*NC(=O)CCCCCCCCC(=O)NCCCCCC*,4130526868,3.113497799,2.889918099
*CCCCCCC(=O)N*,4276059896,4.135697259,2.519597094
*NC(=O)CCCCCCC*,3932469346,3.921800303,2.519597094
*CCCCCCCCNC(=O)CCCCCCCCC(=O)N*,2974084428,3.056244795,2.889918099
*CCCCCCCCC(=O)N*,3461984673,3.748143596,2.519597094
*CCCCCCCCCC(=O)N*,3792490477,3.605531473,2.519597094
*NC(=O)CCCCCCCCCC*,3499989337,3.487389163,2.519597094
*CCCCCCCCCCCC(=O)N*,3294066148,3.388890014,2.519597094
*CCCCCCCCCCCCC(=O)N*,3551872547,3.306409851,2.519597094
*NC(=O)c1ccc(cc1)CC(=O)NCCCCCC*,4408889295,2.99386057,3.309091557
*NC(=O)c1cc(ccc1)C(=O)Nc1ccc(cc1)c1ccc(cc1)*,4117076696,2.767272941,3.605636431
*CCCCCCNC(=O)c1cccc(C(=O)N*)c1,4368675598,3.028402609,3.188192361
*NC(=O)c1ccc(cc1)CC(=O)NCCC*,5073582797,3.11351358,2.904048023
*NC1CC(C)(C)CC(C)(CNC(=O)CCCCC(*)=O)C1,4031688613,4.435689684,3.209060086
*Cc1cccc(CNC(=O)CCCCC(=O)N*)c1,5139044264,3.079213048,3.393070473
*NC(=O)c1ccc(cc1)C(=O)Nc1ccc(cc1)*,5053810718,2.915440246,2.817231962
*NC(=O)c1ccc(cc1)C(=O)Nc1ccc(cc1)c1ccc(cc1)*,4885434561,2.715349864,3.312473425
*NC(=O)c1ccc(cc1)C(=O)NCCCCCC*,3912692816,2.959789971,2.824449246
*CCCCCCCCCNC(=O)c1ccc(C(=O)N*)cc1,4127442738,2.877959181,2.824449246
*S(=O)(=O)c1ccc(cc1)NC(=O)CCCCC(=O)Nc1ccc(cc1)*,4590004270,2.87854627,2.468715415
*NC(=O)C*,7351667523,6.046567471,1.587253429
*NC(CCC(=O)OC)C(*)=O,4812664259,4.416238181,1.79842612
*C(=O)CCCCCCCCC(=O)N1CCN(*)CC1,4354829662,3.323024037,3.097533951
*CCCC(=O)N*,5463803474,5.16208855,2.169985549
*CCCCNC(=O)CCCCCCC(=O)N*,4645767478,3.314842195,2.889918099
*CCCCNC(=O)CCCCCCCCC(=O)N*,3865180353,3.196695191,2.889918099
*CCCCCCCCCCCNC(=O)CCCCC(=O)N*,4032767157,3.08206214,2.889918099
*CCCCCCCCCCCCNC(=O)CCCCCCCCCCC(=O)N*,3402255895,2.888482035,2.889918099
*NC(=O)c1ccc(cc1)c1ccc(cc1)C(=O)NCCCCCC*,4272452519,2.748911818,3.523979337
*NC(=O)c1ccc(cc1)C(c1ccc(cc1)C(=O)NCCCCCC*)(C)C,3560063092,2.947466631,3.012797476
*CCCCCCCCCCC(=O)N(*)C,3237013155,3.475398126,2.549277828
*N(C(=O)CCCCC(=O)NCCCCCC*)C,3347708200,3.319664328,3.19433457
*N(C(=O)CCCCC(=O)N(CCCCCC*)C)C,3953817221,3.452892718,3.566662726
*N1C(CCC1)C(=O)*,3162749555,5.163540694,2.181473256
*NC(C(=O)*)CCC(=O)OCc1ccccc1,3491241872,3.446452651,1.808524743
*NC(C(=O)*)C,4204781604,5.981736612,1.863732549
*NC1CCC(CC2CCC(NC(=O)CCCCCCCCCCCCC(*)=O)CC2)CC1,3961435611,3.214223879,3.913213703
*NC(CCC(=O)OCCCCC)C(*)=O,3529685517,3.871021493,2.555381998
*NC(CCC(=O)OCCCCCC)C(*)=O,2611252158,3.779540221,2.668069883
*NC(CCC(=O)OCC)C(*)=O,3817869908,4.20357721,1.969077895
*NC(CCC(=O)OCCC)C(*)=O,3673446029,4.154452679,2.228235994
*N(C(=O)c1ccc(cc1)C(=O)N(CCCC*)C)C,3748954790,3.215792718,2.902915305
*CCCCCCNC(=O)c1ccc(C2(C)CC(C)(C)c3ccc(C(=O)N*)cc32)cc1,3116026680,3.759025228,4.102550521
*OC(=O)NCCCCC*,4372056774,4.229712644,2.551450216
*OC(=O)NCCCCCCNC(=O)OCCCC*,4561566223,3.362344642,3.113207045
*OC(=O)NCC(C(C(C(CNC(=O)OCCCC*)(F)F)(F)F)(F)F)(F)F,4116006600,3.964136391,3.164852691
*OC(=O)Nc1ccc(cc1)Cc1ccc(cc1)NC(=O)OCCCCCC*,4174658298,2.901114041,3.671580791
*OC(=O)Nc1ccc(cc1)Cc1ccc(cc1)NC(=O)OCc1cc(ccc1)C*,3818433207,2.826454784,3.639055022
*OC(=O)Nc1ccc(cc1)NC(=O)OCC*,4114899277,3.209251426,2.446621681
*OC(=O)Nc1cc(ccc1)NC(=O)OCC*,4614221924,3.279271426,2.834038509
*OC(=O)Nc1ccc(cc1)NC(=O)OCCCCCC*,4211757709,3.05613899,3.140526912
*OC(=O)Nc1ccc(cc1)c1ccc(cc1)NC(=O)OCC*,4362339056,2.879966967,2.999884295
*OC(=O)Nc1c2c(ccc1)c(ccc2)NC(=O)OCC*,3964238224,3.15298167,2.702308306
*NC(=O)NCCCCCC*,3762855121,3.991815687,2.482129879
*NC(=O)NCc1ccc(cc1)CNC(=O)NCCCCCC*,4235434672,3.001548415,3.4940665
*NC(=O)NCCCCCCNC(=O)Nc1ccc(cc1)Cc1ccc(cc1)*,3871789651,2.983618768,3.863923983
*NC(=O)Nc1ccc(cc1)Cc1ccc(cc1)*,3823413955,3.105387405,2.84111662
*C(CCCCNC(=O)NCCCCCCNC(=O)N*)C(=O)OC,3954283445,3.709897451,2.853139871
*c1ccc(Oc2ccc(N3C(=O)c4cc5C(=O)N(*)C(=O)c5cc4C3=O)cc2)cc1,3968029117,3.293570547,3.3051736
*c1ccc(Oc2ccc(Oc3ccc(N4C(=O)c5cc6C(=O)N(*)C(=O)c6cc5C4=O)cc3)cc2)cc1,3947028609,3.111143481,3.3051736
*C(=O)Oc1ccc(OC(=O)c2ccc3c(c2)C(=O)N(c2ccc(Oc4ccc(N5C(=O)c6ccc(*)cc6C5=O)cc4)cc2)C3=O)cc1,4583672859,3.221841323,4.149978272
*c1ccc(Sc2ccc(-n3c(=O)c4cc5c(=O)n(*)c(=O)c5cc4c3=O)cc2)cc1,3792338911,3.449385932,3.401892784
*n1c(=O)c2cc3c(cc2c1=O)c(=O)n(c3=O)CCCCCCCCC*,4226945961,3.423431193,3.226207594
*c1ccc(Oc2ccc(N3C(=O)c4ccc(Oc5ccc6c(c5)C(=O)N(*)C6=O)cc4C3=O)cc2)cc1,4384654190,3.110500617,3.805323472
*c1cc2c(C(=O)N(C2=O)c2ccc(cc2)S(=O)(=O)c2ccc(cc2)N2C(=O)c3c(C2=O)cc(cc3)C(=O)Nc2ccc(cc2)NC(=O)*)cc1,4499262155,3.28149083,4.596255691
*c1ccc2c(c1)C(=O)N(c1ccc(Cc3ccc(N4C(=O)c5ccc(C(F)(F)C(F)(F)C(*)(F)F)cc5C4=O)cc3)cc1)C2=O,3434229050,3.439918504,4.367314352
*c1cc2c(C(=O)N(C2=O)c2ccc(cc2)Oc2ccc(cc2)N2C(=O)c3c(C2=O)cc(cc3)C(C(C(*)(F)F)(F)F)(F)F)cc1,3287199329,3.42837235,4.328404726
*c1cc2c(C(=O)N(C2=O)c2ccc(cc2)S(=O)(=O)c2ccc(cc2)N2C(=O)c3c(C2=O)cc(cc3)C(=O)Nc2ccc(cc2)Oc2ccc(cc2)NC(=O)*)cc1,4149467996,3.411643462,4.954560387
*c1ccc(Cc2ccc(-n3c(=O)c4cc5c(=O)n(*)c(=O)c5cc4c3=O)c(C)c2)cc1C,3496222443,3.44561856,3.772495688
*c1ccc(-c2ccc(-n3c(=O)c4cc5c(=O)n(*)c(=O)c5cc4c3=O)c(C)c2)cc1C,1981828342,3.410419784,3.894907482
*c1ccc(-c2ccc(-n3c(=O)c4cc5c(=O)n(*)c(=O)c5cc4c3=O)c(OC)c2)cc1OC,2051675321,3.376698932,3.207823125
*c1cccc(N2C(=O)c3cc4C(=O)N(*)C(=O)c4cc3C2=O)c1,3617451928,3.559560077,3.169651377
*c1ccc(-n2c(=O)c3cc4c(=O)n(*)c(=O)c4cc3c2=O)c(C)c1,3094514588,3.603684042,3.156747602
*c1cccc(-n2c(=O)c3cc4c(=O)n(*)c(=O)c4cc3c2=O)c1C,2462185424,3.578516621,3.316532854
*c1c(C)c(C)c(-n2c(=O)c3cc4c(=O)n(*)c(=O)c4cc3c2=O)c(C)c1C,2080841198,3.729581557,2.968309002
*c1ccc(Oc2cccc(Oc3ccc(N4C(=O)c5cc6C(=O)N(*)C(=O)c6cc5C4=O)cc3)c2)cc1,4126793451,3.252291283,3.585718606
*c1ccc(Oc2ccc(-c3ccc(Oc4ccc(-n5c(=O)c6cc7c(=O)n(*)c(=O)c7cc6c5=O)cc4)cc3)cc2)cc1,3765384995,3.083649325,3.669150631
*c1cccc(Oc2ccc(S(=O)(=O)c3ccc(Oc4cccc(-n5c(=O)c6cc7c(=O)n(*)c(=O)c7cc6c5=O)c4)cc3)cc2)c1,3678945229,3.377334741,4.268808468
*c1ccc(Oc2ccc(C(c3ccc(Oc4ccc(-n5c(=O)c6cc7c(=O)n(*)c(=O)c7cc6c5=O)cc4)cc3)(C(F)(F)F)C(F)(F)F)cc2)cc1,3256649641,3.541428559,3.892663143
*c1ccc(Oc2ccc(C(C)(C)c3ccc(Oc4ccc(N5C(=O)c6cc7C(=O)N(*)C(=O)c7cc6C5=O)cc4)cc3)cc2)cc1,4119013756,3.301621558,3.626392259
*c1ccc(Oc2ccc(N3C(=O)c4ccc(-c5ccc6c(c5)C(=O)N(*)C6=O)cc4C3=O)cc2)cc1,3813634384,3.146059362,4.066948194
*c1ccc(Oc2ccc(N3C(=O)c4ccc(-c5cccc6c5C(=O)N(*)C6=O)cc4C3=O)cc2)cc1,3138984279,3.197436505,4.08332782
*N1C(=O)c2c(C1=O)cc(cc2)c1cc2c(C(=O)N(C2=O)c2ccc(cc2)Sc2ccc(cc2)*)cc1,3829482425,3.275163538,3.958377334
*c1ccc(Cc2ccc(N3C(=O)c4ccc(-c5ccc6c(c5)C(=O)N(*)C6=O)cc4C3=O)cc2)cc1,4076180886,3.159914747,4.098620885
*c1ccc2c(c1)Cc1cc(N3C(=O)c4ccc(-c5ccc6c(c5)C(=O)N(*)C6=O)cc4C3=O)ccc1-2,3964064361,3.366306835,3.823556452
*N1C(=O)c2c(C1=O)cc(cc2)c1cc2c(C(=O)N(C2=O)c2ccc(cc2)c2ccc(cc2)*)cc1,3948933876,3.044827225,3.856354973
*c1ccc(N2C(=O)c3ccc(-c4ccc5c(c4)C(=O)N(*)C5=O)cc3C2=O)cc1,3307410034,3.208262494,3.756034905
*c1cccc(N2C(=O)c3ccc(-c4ccc5c(c4)C(=O)N(*)C5=O)cc3C2=O)c1,3489332712,3.212149307,3.754148196
*c1ccc(C)c(N2C(=O)c3ccc(-c4ccc5c(c4)C(=O)N(*)C5=O)cc3C2=O)c1,2764956475,3.265452899,3.803087094
*c1ccc(N2C(=O)c3ccc(-c4ccc5c(c4)C(=O)N(*)C5=O)cc3C2=O)c(C)c1,3471301284,3.269719446,3.714671913
*c1cccc(N2C(=O)c3ccc(-c4ccc5c(c4)C(=O)N(*)C5=O)cc3C2=O)c1C,2669023856,3.247518909,3.656765468
*c1ccc(-c2ccc(N3C(=O)c4ccc(-c5ccc6c(c5)C(=O)N(*)C6=O)cc4C3=O)c(C)c2)cc1C,2529685499,3.233764916,3.876378921
*c1ccc(-c2ccc(N3C(=O)c4ccc(-c5ccc6c(c5)C(=O)N(*)C6=O)cc4C3=O)c(OC)c2)cc1OC,2562772081,3.253552206,3.335723025
*c1ccc(-c2ccc(-c3ccc(N4C(=O)c5ccc(-c6ccc7c(c6)C(=O)N(*)C7=O)cc5C4=O)cc3)cc2)cc1,3007084942,2.944517471,3.856354973
*c1cccc2c(N3C(=O)c4ccc(-c5ccc6c(c5)C(=O)N(*)C6=O)cc4C3=O)cccc12,1916161057,3.199695035,3.508111207
*c1ccc(Cc2ccc(N3C(=O)c4ccc(-c5ccc6c(c5)C(=O)N(*)C6=O)cc4C3=O)c(C)c2)cc1C,3197865271,3.297609104,4.138879469
*c1ccc(N2C(=O)c3ccc(-c4ccc5c(c4)C(=O)N(*)C5=O)cc3C2=O)nc1,3452359808,3.34763722,3.747184127
*c1ccc(Oc2ccc(-c3ccc(Oc4ccc(N5C(=O)c6ccc(-c7ccc8c(c7)C(=O)N(*)C8=O)cc6C5=O)cc4)cc3)cc2)cc1,3784292770,3.068756278,4.158967516
*c1ccc(Oc2ccc(C(C)(C)c3ccc(Oc4ccc(N5C(=O)c6ccc(-c7ccc8c(c7)C(=O)N(*)C8=O)cc6C5=O)cc4)cc3)cc2)cc1,3555651815,3.31963024,4.278277981
*c1ccc(Oc2ccc(C(c3ccc(Oc4ccc(N5C(=O)c6ccc(-c7ccc8c(c7)C(=O)N(*)C8=O)cc6C5=O)cc4)cc3)(C(F)(F)F)C(F)(F)F)cc2)cc1,3560372194,3.576344397,4.326580753
*c1cccc(Oc2ccc(S(=O)(=O)c3ccc(Oc4cccc(N5C(=O)c6ccc(-c7ccc8c(c7)C(=O)N(*)C8=O)cc6C5=O)c4)cc3)cc2)c1,3976889369,3.385507847,4.673966503
*N1C(=O)c2c(C1=O)cc(cc2)Oc1cc2c(C(=O)N(C2=O)CCCCCC*)cc1,4418823961,3.192146674,3.380000069
*c1ccc(N2C(=O)c3ccc(Oc4ccc5c(c4)C(=O)N(*)C5=O)cc3C2=O)cc1,3813225363,3.215758346,3.691989107
*N1C(=O)c2c(C1=O)cc(cc2)Oc1cc2c(C(=O)N(C2=O)c2ccc(cc2)c2ccc(cc2)*)cc1,3294359530,3.146882219,4.122996193
*c1cccc(Oc2ccc(N3C(=O)c4ccc(Oc5ccc6c(c5)C(=O)N(*)C6=O)cc4C3=O)cc2)c1,3974948374,3.179297505,3.886046292
*c1ccc(Oc2cccc(Oc3ccc(N4C(=O)c5ccc(Oc6ccc7c(c6)C(=O)N(*)C7=O)cc5C4=O)cc3)c2)cc1,3785200016,3.151384514,3.937258573
*c1ccc(Oc2ccc(Oc3ccc(N4C(=O)c5ccc(Oc6ccc7c(c6)C(=O)N(*)C7=O)cc5C4=O)cc3)cc2)cc1,3880141476,3.042445592,3.805323472
*c1cccc(Oc2ccc(N3C(=O)c4ccc(C(c5ccc6c(c5)C(=O)N(*)C6=O)(C(F)(F)F)C(F)(F)F)cc4C3=O)cc2)c1,3213713456,3.60486423,4.381904535
*c1ccc(Oc2ccc(N3C(=O)c4ccc(C(c5ccc6c(c5)C(=O)N(*)C6=O)(C(F)(F)F)C(F)(F)F)cc4C3=O)cc2)cc1,3140306481,3.563921801,3.923154407
*c1ccc(Oc2ccc(Oc3ccc(N4C(=O)c5ccc(C(c6ccc7c(c6)C(=O)N(*)C7=O)(C(F)(F)F)C(F)(F)F)cc5C4=O)cc3)cc2)cc1,3326186912,3.52283912,3.923154407
*c1ccc2c(c1)C(=O)N(c1ccc(Oc3cccc(Oc4ccc(N5C(=O)c6ccc(C(*)(C(F)(F)F)C(F)(F)F)cc6C5=O)cc4)c3)cc1)C2=O,3121785217,3.509221951,4.58976422
*c1ccc2c(c1)C(=O)N(c1cccc(Oc3cccc(Oc4cccc(N5C(=O)c6ccc(C(*)(C(F)(F)F)C(F)(F)F)cc6C5=O)c4)c3)c1)C2=O,2661311820,3.547999602,4.32626692
*c1cc2c(C(=O)N(C2=O)c2cc(ccc2)C(=O)c2cc(ccc2)N2C(=O)c3c(C2=O)cc(cc3)C(=O)*)cc1,4071845063,3.219407838,3.987168268
*c1cc2c(C(=O)N(C2=O)c2cc(ccc2)NC(=O)c2cc(ccc2)N2C(=O)c3c(C2=O)cc(cc3)C(=O)*)cc1,4000359560,3.161191438,4.220102671
*C(=O)c1ccc2c(c1)C(=O)N(c1cccc(C(=O)Nc3ccc(N4C(=O)c5ccc(*)cc5C4=O)cc3)c1)C2=O,4469268878,3.130153177,4.337920092
*C(=O)c1ccc2c(c1)C(=O)N(c1ccc(C(=O)Nc3cccc(N4C(=O)c5ccc(*)cc5C4=O)c3)cc1)C2=O,4055015054,3.131406555,4.209737972
*C(=O)c1ccc2c(c1)C(=O)N(c1cccc(C(=O)N(C)c3ccc(N4C(=O)c5ccc(*)cc5C4=O)cc3)c1)C2=O,3658763550,3.280234688,4.670167599
*C(=O)c1ccc2c(c1)C(=O)N(c1ccc(Oc3ccc(C(=O)c4cccc(C(=O)c5ccc(Oc6ccc(N7C(=O)c8ccc(*)cc8C7=O)cc6)cc5)c4)cc3)cc1)C2=O,3739975028,3.367628603,4.136241069
*c1cccc(N2C(=O)c3ccc(C(=O)c4ccc5c(c4)C(=O)N(*)C5=O)cc3C2=O)c1,3816863397,3.234377818,3.259579484
*C(=O)c1ccc2c(c1)C(=O)N(c1ccc(C)c(N3C(=O)c4ccc(*)cc4C3=O)c1)C2=O,3176047194,3.248698865,3.939732199
*C(=O)c1ccc2c(c1)C(=O)N(c1ccc(N3C(=O)c4ccc(*)cc4C3=O)c(C)c1)C2=O,3629863441,3.235733691,3.796543371
*C(=O)c1ccc2c(c1)C(=O)N(c1cccc(N3C(=O)c4ccc(*)cc4C3=O)c1C)C2=O,3091262226,3.282422618,3.826823801
*C(=O)c1ccc2c(c1)C(=O)N(c1c(C)c(C)c(N3C(=O)c4ccc(*)cc4C3=O)c(C)c1C)C2=O,2567451567,3.575081931,3.066299263
*C(=O)c1ccc2c(c1)C(=O)N(c1ccc(-c3ccc(N4C(=O)c5ccc(*)cc5C4=O)c(C)c3)cc1C)C2=O,2843355191,3.271240623,4.018528113
*C(=O)c1ccc2c(c1)C(=O)N(c1ccc(-c3ccc(N4C(=O)c5ccc(*)cc5C4=O)c(OC)c3)cc1OC)C2=O,3050393229,3.28441812,3.820239975
*C(=O)c1ccc2c(c1)C(=O)N(c1ccc(-c3ccc(-c4ccc(N5C(=O)c6ccc(*)cc6C5=O)cc4)cc3)cc1)C2=O,3859104631,2.990765875,3.806736187
*C(=O)c1ccc2c(c1)C(=O)N(c1ccc3c(c1)Cc1cc(N4C(=O)c5ccc(*)cc5C4=O)ccc1-3)C2=O,4027472627,3.364727902,3.617183954
*c1ccc(Oc2ccc(N3C(=O)c4ccc(C(=O)c5ccc6c(c5)C(=O)N(*)C6=O)cc4C3=O)cc2)cc1,3729923242,3.191818391,3.537933024
*C(=O)c1ccc2c(c1)C(=O)N(c1ccc(Sc3ccc(N4C(=O)c5ccc(*)cc5C4=O)cc3)cc1)C2=O,3965029091,3.246898391,3.598921548
*C(=O)c1ccc2c(c1)C(=O)N(c1ccc(Cc3ccc(N4C(=O)c5ccc(*)cc5C4=O)cc3)cc1)C2=O,3923638668,3.136888182,3.888748209
*C(=O)c1ccc2c(c1)C(=O)N(c1ccc(Cc3ccc(N4C(=O)c5ccc(*)cc5C4=O)c(C)c3)cc1C)C2=O,3466690930,3.317636511,4.030861296
*C(=O)c1ccc2c(c1)C(=O)N(c1ccc(N3C(=O)c4ccc(*)cc4C3=O)nc1)C2=O,3533102195,3.341189227,3.798253525
*C(=O)c1ccc2c(c1)C(=O)N(c1ccc(-c3ccc(N4C(=O)c5ccc(*)cc5C4=O)cc3)cc1)C2=O,3684960841,3.063131557,3.806736187
*c1ccc(N2C(=O)c3ccc(C(=O)c4ccc5c(c4)C(=O)N(*)C5=O)cc3C2=O)cc1,3667718097,3.230709366,3.348847852
*c1cc2c(C(=O)N(C2=O)c2cc(ccc2)OCCOCCOc2cc(ccc2)N2C(=O)c3c(C2=O)cc(cc3)C(=O)*)cc1,4519866251,3.315869875,4.010211635
*C(=O)c1ccc2c(c1)C(=O)N(c1ccc(Oc3ccc(-c4ccc(Oc5ccc(N6C(=O)c7ccc(*)cc7C6=O)cc5)cc4)cc3)cc1)C2=O,3196318426,3.126311871,4.134552331
*c1ccc(Oc2ccc(C(C)(C)c3ccc(Oc4ccc(N5C(=O)c6ccc(C(=O)c7ccc8c(c7)C(=O)N(*)C8=O)cc6C5=O)cc4)cc3)cc2)cc1,4038106500,3.417386807,3.870477577
*C(=O)c1ccc2c(c1)C(=O)N(c1ccc(Oc3ccc(C(c4ccc(Oc5ccc(N6C(=O)c7ccc(*)cc7C6=O)cc5)cc4)(C(F)(F)F)C(F)(F)F)cc3)cc1)C2=O,,3.601771233,4.17490011
*N1C(=O)c2c(C1=O)cc(cc2)Oc1ccc(cc1)S(=O)(=O)c1ccc(cc1)Oc1cc2c(C(=O)N(C2=O)c2cc(ccc2)S(=O)(=O)c2cc(ccc2)*)cc1,3613970998,3.458463068,4.496930426
*c1cccc(N2C(=O)c3ccc(Oc4ccc(C(C)(C)c5ccc(Oc6ccc7c(c6)C(=O)N(*)C7=O)cc5)cc4)cc3C2=O)c1,3719451391,3.349934944,3.95241206
*N1C(=O)c2c(C1=O)cc(cc2)Oc1ccc(cc1)S(=O)(=O)c1ccc(cc1)Oc1cc2c(C(=O)N(C2=O)c2cc(ccc2)*)cc1,3958748405,3.287407616,4.309869971
*N1C(=O)c2c(C1=O)cc(cc2)Oc1ccc(cc1)S(=O)(=O)c1ccc(cc1)Oc1cc2c(C(=O)N(C2=O)c2ccc(cc2)Oc2ccc(cc2)*)cc1,3981720635,3.250137305,4.19565796
*c1ccc2c(c1)C(=O)N(c1ccc(Cc3ccc(N4C(=O)c5ccc(C(*)(C(F)(F)F)C(F)(F)F)cc5C4=O)cc3)cc1)C2=O,2800437018,3.439269482,4.004246047
*c1ccc2c(c1)C(=O)N(c1ccc(C(C)(C)c3ccc(N4C(=O)c5ccc(C(*)(C(F)(F)F)C(F)(F)F)cc5C4=O)cc3)cc1)C2=O,2076458750,3.522223703,3.989226737
*C(=O)NCCNC(=O)c1ccc(N2C(=O)c3ccc(*)cc3C2=O)cc1,4858221089,3.098628116,4.401016192
*c1cc2c(C(=O)N(C2=O)c2ccc(cc2)C(=O)NCCCCCCNC(=O)*)cc1,4662660024,3.051683014,4.486465623
*C(=O)Nc1ccc(Cc2ccc(NC(=O)c3ccc(N4C(=O)c5ccc(*)cc5C4=O)cc3)cc2)cc1,3834239426,2.924800069,4.345237653
*C(=O)NC1CCC(CC2CCC(NC(=O)c3ccc(N4C(=O)c5ccc(*)cc5C4=O)cc3)CC2)CC1,3865539510,3.28020648,4.441589392
*c1cccc(N2C(=O)c3ccc(Oc4ccc5c(c4)C(=O)N(*)C5=O)cc3C2=O)c1,3318658468,3.219511131,3.539354489
*N1C(=O)c2c(C1=O)cc(cc2)Oc1cc2c(C(=O)N(C2=O)c2ccc(cc2)Cc2ccc(cc2)*)cc1,3913216309,3.180905198,3.866858931
*c1ccc(Oc2ccc(N3C(=O)c4ccc(Oc5ccc(C(c6ccc(Oc7ccc8c(c7)C(=O)N(*)C8=O)cc6)(C(F)(F)F)C(F)(F)F)cc5)cc4C3=O)cc2)cc1,3495914493,3.566064948,4.022942385
*c1cccc(Oc2ccc(N3C(=O)c4ccc(-c5ccc6c(c5)C(=O)N(*)C6=O)cc4C3=O)cc2)c1,4118876958,3.15826112,4.365574602
*C(=O)Nc1ccccc1NC(=O)c1ccc(N2C(=O)c3ccc(*)cc3C2=O)cc1,3826565645,2.96919495,3.964160166
*C(=O)Nc1cccc(NC(=O)/C=C/c2cccc(N3C(=O)c4ccc(*)cc4C3=O)c2)c1,3716160830,3.147674296,4.297027714
*C(=O)Nc1cccc(/C=C/C(=O)/C=C/c2cccc(NC(=O)c3ccc(N4C(=O)c5ccc(*)cc5C4=O)cc3)c2)c1,3647929972,3.297106407,4.733552204
*c1ccc2c(c1)C(=O)N(c1ccc(Oc3ccc(N4C(=O)c5ccc(C(C)(C)CCCCC(*)(C)C)cc5C4=O)cc3)cc1)C2=O,4153971740,3.43609786,4.36129486
*c1ccc(Oc2cccc3c(Oc4ccc(-n5c(=O)c6cc7c(=O)n(*)c(=O)c7cc6c5=O)cc4)cccc23)cc1,3598450020,3.268556062,3.471495887
*N1C(=O)c2c(C1=O)cc(cc2)Oc1cc2c(C(=O)N(C2=O)c2ccc(cc2)Oc2c3c(ccc2)c(ccc3)Oc2ccc(cc2)*)cc1,3935563882,3.263301137,4.192914853
*C(=O)c1ccc2c(c1)C(=O)N(c1ccc(Oc3cccc4c(Oc5ccc(N6C(=O)c7ccc(*)cc7C6=O)cc5)cccc34)cc1)C2=O,3471032261,3.273357967,4.150355779
*c1ccc2c(c1)C(=O)N(c1ccc(Oc3ccc(C(c4ccc(Oc5ccc(N6C(=O)c7ccc(C(*)(C(F)(F)F)C(F)(F)F)cc7C6=O)cc5)cc4)(C(F)(F)F)C(F)(F)F)cc3)cc1)C2=O,2785896427,3.838135375,4.351063345
*c1ccc(N2C(=O)c3ccc(C(c4ccc5c(c4)C(=O)N(*)C5=O)(C(F)(F)F)C(F)(F)F)cc3C2=O)cc1,2808365283,3.600651626,3.700106934
*c1ccc2c(c1)C(=O)N(c1ccc(C(c3ccc(N4C(=O)c5ccc(C(*)(C(F)(F)F)C(F)(F)F)cc5C4=O)cc3)(C(F)(F)F)C(F)(F)F)cc1)C2=O,2194349744,3.69746874,3.922570458
*c1ccc2c(c1)C(=O)N(c1c(C)cc(C)c(N3C(=O)c4ccc(C(*)(C(F)(F)F)C(F)(F)F)cc4C3=O)c1C)C2=O,1849441532,3.81070128,3.807119752
*c1ccc2c(c1)C(=O)N(c1c(C)c(C)c(N3C(=O)c4ccc(C(*)(C(F)(F)F)C(F)(F)F)cc4C3=O)c(C)c1C)C2=O,1926719967,3.808669477,3.327340293
*c1ccc(Oc2cc3ccccc3cc2Oc2ccc(N3C(=O)c4ccc(-c5ccc6c(c5)C(=O)N(*)C6=O)cc4C3=O)cc2)cc1,3625618268,3.294481153,4.24722501
*c1ccc(Oc2cc3ccccc3cc2Oc2ccc(N3C(=O)c4ccc(Oc5ccc6c(c5)C(=O)N(*)C6=O)cc4C3=O)cc2)cc1,3866670748,3.294090662,4.08947431
*C(=O)c1ccc2c(c1)C(=O)N(c1ccc(Oc3cc4ccccc4cc3Oc3ccc(N4C(=O)c5ccc(*)cc5C4=O)cc3)cc1)C2=O,3575601139,3.303716869,3.970481041
*c1ccc(Oc2cc3ccccc3cc2Oc2ccc(N3C(=O)c4ccc(S(=O)(=O)c5ccc6c(c5)C(=O)N(*)C6=O)cc4C3=O)cc2)cc1,3311722851,3.445740819,4.142777393
*c1ccc(C(c2ccccc2)(c2ccc(-n3c(=O)c4cc5c(=O)n(*)c(=O)c5cc4c3=O)cc2)C(F)(F)F)cc1,2324499409,3.983253198,3.578530035
*c1ccc(N2C(=O)c3ccc(-c4cccc5c4C(=O)N(*)C5=O)cc3C2=O)cc1,3227643848,3.272483923,3.861607568
*CC1(C)CC(*)(C)C(=O)OC1=O,4096540211,5.586864984,2.434162527
*OC(=O)OCCCCCC*,3128961285,4.112256247,2.722940401
*OC(=O)OCC(C(C(C(C*)(F)F)(F)F)(F)F)(F)F,3638408190,4.195066816,2.161465558
*Oc1ccc(cc1)C(c1ccc(cc1)OC(=O)*)(C)C,3574291595,3.13200622,2.67189323
*Oc1ccc(C(C)(CCC)c2ccc(OC(*)=O)cc2)cc1,3243133187,3.68925895,3.366995644
*Oc1ccc(C(C)(C)c2ccc(OC(*)=O)c(C)c2)cc1C,3167461366,3.312540269,2.848698266
*Oc1c(Cl)cc(C(C)(C)c2cc(Cl)c(OC(*)=O)c(Cl)c2)cc1Cl,2337609718,3.514363824,2.652953165
*Oc1c(Br)cc(C(C)(C)c2cc(Br)c(OC(*)=O)c(Br)c2)cc1Br,2743583258,3.711841446,2.488636034
*Oc1ccc(C(C)(c2ccccc2)c2ccc(OC(*)=O)cc2)cc1,3282341443,3.420965201,2.333558996
*Oc1ccc(C(CCC)(CCC)c2ccc(OC(*)=O)cc2)cc1,2460923534,3.317005302,3.200200981
*Oc1ccc(cc1)C1(CCCC1)c1ccc(cc1)OC(=O)*,3369741625,3.233057255,2.837733878
*Oc1ccc(C2(c3ccc(OC(*)=O)cc3)CCCCC2)cc1,3523558398,3.195791332,2.855560499
*Oc1ccc(C2(c3ccc(OC(*)=O)c(C)c3)CCCCC2)cc1C,2658336258,3.37883518,3.044244188
*Oc1ccc(cc1)C1(c2ccccc2c2ccccc12)c1ccc(cc1)OC(=O)*,2687014664,2.999285242,3.216550518
*Oc1ccc(cc1)C(c1ccc(cc1)OC(=O)*)(c1ccccc1)c1ccccc1,2627008463,2.883469211,2.629310272
*Oc1ccc(cc1)C(c1ccc(cc1)OC(=O)*)(C(F)(F)F)C(F)(F)F,2684243108,3.371620193,2.787463495
*Oc1ccc(cc1)C(c1ccc(cc1)OC(=O)*)(c1ccccc1)C#N,3322036493,3.64199167,2.600793934
*Oc1c(C)cc(C(C)(C)c2cc(C)c(OC(*)=O)c(C)c2)cc1C,2332875791,3.488039348,2.527193613
*Oc1c(cc(cc1)C(c1ccc(cc1)C(c1cc(c(cc1)OC(=O)*)C)(C)C)(C)C)C,3019286088,3.24983283,2.894064725
*Oc1cc(ccc1)CCCCCCCCCCc1cc(ccc1)OC(=O)*,3343238106,2.885108399,3.427474987
*Oc1ccc(C(C)(C)c2ccc(OC(*)=O)c(C(C)C)c2)cc1C(C)C,2880708481,3.38694327,2.879331224
*Oc1ccc(cc1)C(=O)CCCCCCCCC(=O)c1ccc(cc1)OC(=O)*,4101289636,2.885337743,3.141912556
*Oc1ccc(cc1)S(=O)(=O)c1ccc(cc1)OC(=O)*,3648293160,3.02351683,2.74334931
*OC(=O)OCc1ccc(cc1)C*,3812927311,3.526469935,2.420750911
*Oc1ccc(C(=C(Cl)Cl)c2ccc(OC(*)=O)cc2)cc1,3033955926,3.310275186,3.053403735
*Oc1ccc(cc1)OC(=O)Oc1ccc(cc1)c1ccc(cc1)OC(=O)*,3814764473,2.808274525,2.857016095
*Oc1cc2c(cc1)ccc(c2)OC(=O)Oc1ccc(cc1)OC(=O)*,3404827218,3.059641963,3.111209708
*Oc1c2c(ccc1)c(ccc2)OC(=O)Oc1ccc(cc1)OC(=O)*,3793210630,3.01956109,2.968629567
*c1ccc(-c2nc3cc(-c4ccc5nc(-c6ccccc6)c(*)nc5c4)ccc3nc2-c2ccccc2)cc1,1965191764,2.939774056,4.09267426
*c1ccc(-c2nc3cc(-c4ccc5nc(*)c(-c6ccccc6)nc5c4)ccc3nc2-c2ccccc2)cc1,2142934636,2.939774056,4.09267426
*c1cccc(-c2nc3cc(-c4ccc5nc(*)c(-c6ccccc6)nc5c4)ccc3nc2-c2ccccc2)c1,2275700392,3.011641765,3.975291244
*c1ccc(-c2nc3cc(-c4ccc5nc(*)c(-c6ccc7ccccc7c6)nc5c4)ccc3nc2-c2ccc3ccccc3c2)cc1,2379762386,3.107966358,4.301704645
*c1cccc(-c2nc3cc(-c4ccc5nc(*)c(-c6ccc7ccccc7c6)nc5c4)ccc3nc2-c2ccc3ccccc3c2)c1,2028674013,3.151976385,4.228807868
*N=P(*)(OCC(F)(F)F)OCC(F)(F)F,1714160277,4.462724245,2.105224802
*Oc1ccc(C(=O)c2ccc(*)cc2)cc1,3610479904,3.211811774,2.787866059
*CCCCCCS(*)(=O)=O,4255624437,4.34158336,2.982414575
*OS(=O)(=O)c1ccc(*)cc1,4657531412,4.178691561,1.789250398
*CCc1ccc(*)c(C)c1,3615057365,4.26452649,2.866454114
*CCc1cc(C)c(*)cc1C,3182341933,4.346883388,2.820928192
*CCc1ccc(*)c(Cl)c1,3288420521,4.286984952,2.743024894
*c1ccc(C(Cl)(Cl)C(*)Cl)cc1,2592971007,5.024181735,2.205863911
*C1CCC(*)C1,3233111019,6.681745324,1.704795722
*C1C2CC(C)C(C2)C1*,2652759232,6.820154374,2.580275855
*C1CC2CC1C(*)C2CCCC,1941479984,6.231347834,3.334118078
*C1CC2CC1C(*)C2CCCCCC,2155393450,5.843168675,3.804391408
*CC(*)(C)c1ccc2ccccc2c1,2235231569,3.611113113,2.533708709
*CCC(c1ccccc1)C(*)c1ccccc1,2485953765,3.76577237,2.29228728
*/C(Cl)=C(/*)c1ccccc1,1296934059,3.61370649,1.680517568
*/C=C(/*)c1ccc(C#C)cc1,2240651457,4.02976254,2.505362738
*/C=C(/*)c1cccc(C#C)c1,2855260352,4.115507995,2.53422421
*/C=C/C(C(=O)OCc1ccc(Cl)cc1)C(*)C(=O)OCc1ccc(Cl)cc1,3134946956,3.816768927,2.515738781
*/C=C(/*)c1ccc(-c2ccc(C#C)cc2)cc1,2561000538,3.175514974,3.020953142
*CC(*)C(=O)OCC(C)O,4351756849,5.249864381,2.005772376
*CC(*)(CC(=O)OCCCCCCCC)C(=O)OCCCCCCCC,2302011729,3.577973648,2.907005616
*CC(*)(CC(=O)OCCCCCCCCC)C(=O)OCCCCCCCCC,2427072791,3.549309873,2.907005616
*CC(*)C(=O)n1c2ccccc2c2ccccc21,2658559935,3.493310989,2.719834365
*CC(*)C(=O)OC(OCC)C(F)(F)F,2238059130,5.196422467,2.476622528
*CC(*)(C)C(=O)OC(OCC)C(F)(F)F,1891195863,5.089209059,2.31761182
*CC(*)(CC(=O)Oc1ccc(OCCCCCCC)cc1)C(=O)Oc1ccc(OCCCCCCC)cc1,2229605023,3.446974934,2.94185601
*CC(*)(C)C(=O)Oc1c(C)cccc1C,2760702255,3.912438359,2.288314982
*CC(*)(C)C(=O)OCCCCCCN(C)c1ccc(/N=N/c2ccc(S(C)(=O)=O)cc2)cc1,4108683031,3.750380399,3.827001685
*C([2H])([2H])C(*)(C(=O)OC([2H])([2H])[2H])C([2H])([2H])[2H],2340800084,6.356707147,2.5803046
*C(*)C(=O)OC(C)C,1966798897,4.261394441,1.686427089
*CC(*)(C)C(=O)Oc1c(C(C)C)cccc1C(C)C,2131391150,3.890157624,2.657466374
*CC(*)(C)C(=O)OCC(=O)c1ccccc1,3632763422,3.571263967,2.213021911
*CC(*)(C)C(=O)OCc1ccc(Cl)c(Cl)c1,2794987090,3.75870196,2.411672278
*CC(*)(C)C(=O)OCc1cccc(Cl)c1,2808167802,3.739325249,2.233341541
*CC(*)(C)C(=O)OCc1ccc(Cl)cc1,2940690457,3.648233657,2.161163125
*CC(*)(C)C(=O)OCc1cccc(Cl)c1Cl,2871305936,3.917458884,2.535606691
*CC(*)(C)C(=O)OCc1ccc(Cl)cc1Cl,2637847331,3.801898884,2.402814352
*CC(*)(C)C(=O)OCc1cc(Cl)ccc1Cl,2859009318,3.852363499,2.618645161
*CC(*)(C)C(=O)OCc1c(Cl)cccc1Cl,2931352008,3.855428114,2.147406127
*CC(*)(C)C(=O)OCc1cc(Cl)cc(Cl)c1,2903009535,3.900345037,2.176784169
*/C=C(/*)C(C)(C)C,1349193367,5.328726144,1.870090662
*C1C(*)C2CC1C1C=CCC12,2688665108,6.74773977,2.135393619
*/C(C)=C(/*)C(C)C,920801750.1,5.190723715,1.754350644
*OC1C(CO)OC(*)C(O)C1O,5446384923,5.721527907,2.117642602
*Oc1cc(C)c(*)c(C)c1Br,2008363408,4.512918733,2.367525208
*CCC(C)CO*,2724832110,5.92867294,2.991336113
*Oc1ccc2[nH]c(-c3ccc4c(c3)-c3cc(-c5nc6cc(*)ccc6[nH]5)ccc3S4(=O)=O)nc2c1,3444755859,3.649209624,4.993389435
*C1Oc2ccccc2C1*,2041306593,4.700132992,2.11158162
*Oc1ccc2[nH]c(-c3ccc4sc5ccc(-c6nc7cc(*)ccc7[nH]6)cc5c4c3)nc2c1,3631436340,3.461844323,4.578550702
*OC(F)(F)C(F)(F)C(*)(F)F,2517390095,4.808676726,1.742468832
*c1ccc(Oc2ccc(C(=O)c3ccc(Oc4ccc(C5(*)OC(=O)c6ccccc65)cc4)cc3)cc2)cc1,3756261154,3.529946429,3.348287774
*Oc1cccc(Oc2cccc(*)c2)c1C#N,3317454616,3.522923118,2.932454882
*C(=O)Oc1ccc(C(C)(C)c2ccc(OC(=O)c3ccc4c(c3)C(=O)n3c-4nc4ccc(Oc5ccc6c(c5)nc5n6C(=O)c6ccc(*)cc6-5)cc43)cc2)cc1,3802429601,3.82032513,4.659773458
*Oc1ccc(NC(=O)c2ccc(C(c3ccc(C(=O)O)c(C(=O)Nc4cc(*)ccc4N)c3)(C(F)(F)F)C(F)(F)F)cc2C(=O)O)c(N)c1,3860889098,3.734884557,3.646617471
*c1ccc2c(c1)-c1nc3cc(Oc4ccc5c(c4)nc4n5C(=O)c5cc(C(*)(C(F)(F)F)C(F)(F)F)ccc5-4)ccc3n1C2=O,2923145274,3.834144673,4.748494047
*Oc1ccc(S(=O)(=O)c2ccc(Oc3ccc(C(C)(C)c4ccc(*)cc4)cc3[N+](=O)[O-])cc2)cc1,2809304797,3.207464308,3.815168592
*Oc1ccc(S(=O)(=O)c2ccc(Oc3ccc(C(C)(C)c4ccc(*)cc4)cc3)c([N+](=O)[O-])c2)cc1[N+](=O)[O-],3391436919,3.350517361,3.658550373
*Oc1ccc(S(=O)(=O)c2ccc(Oc3c(C)cc(C(c4cc(C)c(*)c(C)c4)(C(F)(F)F)C(F)(F)F)cc3C)cc2)cc1,2574799643,3.604559715,3.853065451
*CC(=C)COCC(=C)COC(=O)O*,2925625835,4.681553503,2.466372783
*OC1C(COC(C)=O)OC(*)C(OC(C)=O)C1OC(C)=O,2395181471,4.863317927,2.656117061
*Oc1ccc(SC(=O)Sc2ccc(*)cc2)cc1,3264285134,3.930743815,2.250846559
*Oc1ccc(SC(=O)Oc2ccc(C(C)(C)c3ccc(OC(=O)Sc4ccc(*)cc4)cc3)cc2)cc1,3572149460,3.572493847,2.894318164
*Oc1ccc(NC(=O)c2cc(C(c3ccc(C(=O)O)c(C(=O)Nc4ccc(Oc5ccc(C(c6ccc(*)cc6)(C(F)(F)F)C(F)(F)F)cc5)cc4)c3)(C(F)(F)F)C(F)(F)F)ccc2C(=O)O)cc1,2993090918,3.910725484,4.261021671
*OC1C(CO)OC(*)C(N)C1O,5932588331,5.879194875,2.465987938
*Oc1ccc(S(=O)(=O)c2ccc(Oc3ccc(C(=O)c4cc(Br)cc(C(=O)c5ccc(*)cc5)c4)cc3)cc2)cc1,3147680886,3.109746059,3.86821822
*Oc1ccc(S(=O)(=O)c2ccc(Oc3ccc(C(=O)c4cc(I)cc(C(=O)c5ccc(*)cc5)c4)cc3)cc2)cc1,3690754150,3.168639918,3.783014527
*Oc1ccc(S(=O)(=O)c2ccc(Oc3ccc(C(=O)c4cc(C(=O)c5ccc(*)cc5)cc(C(C)(C)C)c4)cc3)cc2)cc1,3237748640,3.179583138,4.104299354
*Oc1ccc(C(c2ccc(Oc3ccc(C(=O)c4cccc(C(=O)c5ccc(*)cc5)c4)cc3)cc2)(C(F)(F)F)C(F)(F)F)cc1,3802237609,3.287343578,3.913106871
*Oc1ccc(C(=O)Nc2cccc(C(O)Cc3ccc(NC(=O)c4ccc(*)cc4)cc3)c2)cc1,4605296857,3.269164139,4.571016023
*C1(OC(C(C1(C(C(*)(F)F)(F)F)F)(F)F)(F)F)F,2621970752,5.555869142,2.239212476
*Oc1cc(C(C)(C)C)c(Oc2ccc(C(=O)Nc3ccc(C(C)(C)c4ccc(NC(=O)c5ccc(*)cc5)cc4)cc3)cc2)cc1C(C)(C)C,2322362671,3.320309323,4.309772862
*Oc1cc(C(C)(C)C)c(Oc2ccc(C(=O)Nc3ccc(C(C)(C)c4ccc(NC(=O)c5ccc(*)cc5)c(C)c4)cc3C)cc2)cc1C(C)(C)C,2827325284,3.48976591,4.473506803
*Oc1cc(C(C)(C)C)c(Oc2ccc(C(=O)Nc3c(C)cc(C(C)(C)c4cc(C)c(NC(=O)c5ccc(*)cc5)c(C)c4)cc3C)cc2)cc1C(C)(C)C,2769565522,3.611929514,4.305324165
*Oc1cc(C(C)(C)C)c(Oc2ccc(C(=O)Nc3c(C)cc(Cc4cc(C)c(NC(=O)c5ccc(*)cc5)c(C(C)C)c4)cc3C(C)C)cc2)cc1C(C)(C)C,2654868586,3.756592365,4.707983311
*Oc1cc(C(C)(C)C)c(Oc2ccc(C(=O)Nc3ccc(C(c4ccc(NC(=O)c5ccc(*)cc5)cc4)(C(F)(F)F)C(F)(F)F)cc3)cc2)cc1C(C)(C)C,2044315791,3.60392034,4.676251878
*Oc1ccc(Oc2ccc(C(=O)c3ccc(C(=O)c4ccc(*)cc4)c4ccccc34)cc2)cc1,2913167441,2.885794776,3.439255832
*Oc1ccc(S(=O)(=O)c2ccc(Oc3ccc(C(C)(C)c4ccc(*)c(C(O)(C(F)(F)F)C(F)(F)F)c4)cc3C(O)(C(F)(F)F)C(F)(F)F)cc2)cc1,2689249077,3.914106637,4.347619279
*Oc1ccc(S(=O)(=O)c2ccc(Oc3ccc(C(C)(C)c4ccc(*)c(C(OC)(C(F)(F)F)C(F)(F)F)c4)cc3C(OC)(C(F)(F)F)C(F)(F)F)cc2)cc1,2484895121,4.086777636,4.798891667
*Oc1ccc(S(=O)(=O)c2ccc(Oc3c(C)cc(C(C)(C)c4cc(C)c(*)c(C)c4)cc3C)cc2C(O)(C(F)(F)F)C(F)(F)F)c(C(O)(C(F)(F)F)C(F)(F)F)c1,2455354139,4.220888425,3.946807475
*Oc1ccc2c(c1)nc1n2C(=O)c2ccc(-c3ccc4c(c3)C(=O)n3c-4nc4ccc(*)cc43)cc2-1,3592434898,3.517302624,4.618888792
*Oc1ccc2c(c1)nc1c3cc4c(=O)n5c6cc(*)ccc6nc5c4cc3c(=O)n21,3447867949,3.659605864,4.596045898
*c1ccc2c(c1)-c1nc3cc(Oc4ccc5nc6n(c5c4)C(=O)c4cc(C(*)(C(F)(F)F)C(F)(F)F)ccc4-6)ccc3n1C2=O,3297322839,3.837106452,4.978925515
*c1ccc(*)s1,2017467421,5.872313465,2.156312526
*c1ccc2c(c1)-c1cc(-c3nc4cc(-c5ccc6[nH]c(*)nc6c5)ccc4[nH]3)ccc1S2(=O)=O,3427315260,3.652247193,4.715258237
*Cc1ccc2[nH]c(-c3ccc4c(c3)-c3cc(-c5nc6cc(*)ccc6[nH]5)ccc3S4(=O)=O)nc2c1,3264982776,3.651443648,4.998305105
*c1ccc2sc3ccc(-c4nc5cc(-c6ccc7[nH]c(*)nc7c6)ccc5[nH]4)cc3c2c1,2906301029,3.467230419,4.441193145
*Cc1ccc2[nH]c(-c3ccc4sc5ccc(-c6nc7cc(*)ccc7[nH]6)cc5c4c3)nc2c1,3375457117,3.464167708,4.574283424
*c1cc(CCCC)c(*)s1,2256378758,4.441480336,3.204201526
*Oc1ccc(C(C)(c2ccccc2)c2ccc(OC(=O)c3cccc(C(*)=O)c3)cc2)cc1,3088226955,3.377387732,3.014632215
*Oc1ccc(C(c2ccccc2)(c2ccccc2)c2ccc(OC(=O)c3cccc(C(*)=O)c3)cc2)cc1,2869891041,2.963291421,3.127064722
*Oc1ccc(C(C)(C)c2ccc(OC(=O)c3ccc(C(=O)c4ccc(C(*)=O)cc4)cc3)cc2)cc1,3403208770,2.902047832,3.294786419
*CCCCCCCCOC(=O)c1cccc(C(=O)O*)c1,3549134868,3.041692092,2.934417326
*c1cc(Br)c(OC(=O)c2ccc(C(=O)Oc3c(Br)cc(C4(*)OC(=O)c5ccccc54)cc3Br)cc2)c(Br)c1,2271575885,3.995261366,3.389849691
*CCCCCCS(=O)(=O)c1ccc(/N=N/c2ccc(N(C)CCCCCC(=O)O*)cc2)cc1,3856582542,3.405354622,4.099750885
*CCCS(=O)(=O)c1ccc(/N=N/c2ccc(N(CCCC)CC(=O)O*)cc2)cc1,3777632484,3.449650123,4.16467546
*Oc1ccc(OC(=O)c2cc(OCCCCCCCCCCCC)c(C(*)=O)cc2OCCCCCCCCCCCC)cc1,2937271650,3.123433169,3.903213399
*Oc1ccc2c(c1)C1(CC2(C)C)CC(C)(C)c2ccc(OC(=O)c3ccc(C(*)=O)cc3)cc21,2870494124,4.363324011,3.885628242
*Oc1ccc2c(c1)C1(CC2(C)C)CC(C)(C)c2ccc(OC(=O)c3cccc(C(*)=O)c3)cc21,3115171200,4.406344154,3.670918622
*CCOC(=O)NCC1(C)CC(NC(=O)O*)CC(C)(C)C1,3313565453,4.628974951,3.269034632
*Oc1ccc(C(C)(C)c2ccc(OC(=O)c3ccccc3/C=C/c3ccc(/C=C/c4ccccc4C(*)=O)cc3)cc2)cc1,2597455512,3.235922307,3.135862492
*Oc1ccc(C(C)(C)c2ccc(OC(=O)c3ccccc3/C=C/c3ccc(/C=C/c4ccccc4C(*)=O)cc3)c(C)c2)cc1C,2997371875,3.382570877,3.350567358
*Oc1ccc(S(=O)(=O)c2ccc(OC(=O)c3ccccc3/C=C/c3ccc(/C=C/c4ccccc4C(*)=O)cc3)cc2)cc1,3574198769,3.187144132,3.314098206
*c1ccc(OC(=O)c2ccccc2/C=C/c2ccc(/C=C/c3ccccc3C(=O)Oc3ccc(C4(*)OC(=O)c5ccccc54)cc3)cc2)cc1,3161404914,3.962208598,3.966764753
*Oc1cccc2c(OC(=O)c3ccccc3/C=C/c3ccc(/C=C/c4ccccc4C(*)=O)cc3)cccc12,3289844892,3.121413518,3.121347041
*Oc1cccc2ccc(OC(=O)c3ccccc3/C=C/c3ccc(/C=C/c4ccccc4C(*)=O)cc3)cc12,3040960596,3.132097735,3.608508766
*Oc1ccc2ccc(OC(=O)c3ccccc3/C=C/c3ccc(/C=C/c4ccccc4C(*)=O)cc3)cc2c1,3182657863,3.144216701,3.156805622
*Oc1cccc(OC(=O)c2ccccc2/C=C/c2ccc(/C=C/c3ccccc3C(*)=O)cc2)c1,2604122474,3.073779447,3.260877953
*Oc1ccccc1OC(=O)c1ccccc1/C=C/c1ccc(/C=C/c2ccccc2C(*)=O)cc1,3254247151,3.04583418,2.786511597
*Oc1ccc(OC(=O)c2ccccc2/C=C/c2ccc(/C=C/c3ccccc3C(*)=O)cc2)cc1,3507872768,3.03394779,2.905762426
*CCCCCCCCCCCCNC(=O)CCCCCCCCCCCCCCCCCCC(=O)N*,2889717981,2.772974201,2.889918099
*Nc1ccc(NC(=O)c2cc(C(*)=O)c(C(=O)OCC)cc2C(=O)OCC)cc1,3543827373,3.012842325,2.404537351
*Nc1cccc(C(O)Cc2ccc(NC(=O)c3ccc(C(*)=O)cc3)cc2)c1,4879130801,3.215799512,3.993512595
*c1ccc2c(c1)-c1nc3cc(-c4ccc5nc6n(c5c4)C(=O)c4cc(C(*)(C(F)(F)F)C(F)(F)F)ccc4-6)ccc3n1C2=O,2230145103,3.823159116,4.997762902
*CC(C)CNC(=O)O*,4343268036,5.223610307,2.731986195
*c1ccc(Oc2cccc(Oc3ccc(N4C(=O)c5ccc(-c6ccc7c(c6)C(=O)N(*)C7=O)cc5C4=O)cc3)c2)cc1,4073673115,3.190290622,4.474446795
*c1cccc(N2C(=O)c3ccc(C(c4ccc5c(c4)C(=O)N(*)C5=O)(C(F)(F)F)C(F)(F)F)cc3C2=O)c1,2766192657,3.621744106,3.666728472
*c1ccc2c(c1)C(=O)N(c1cccc(S(=O)(=O)c3cccc(N4C(=O)c5ccc(C(*)(C(F)(F)F)C(F)(F)F)cc5C4=O)c3)c1)C2=O,2986598750,3.638028742,4.227069741
*c1cc2c(C(=O)N(C2=O)c2ccc(cc2)Oc2ccc(cc2)NC(=O)*)cc1,4176331382,2.96277524,3.869124335
*c1ccc(S(=O)(=O)c2ccc(N3C(=O)c4cc5C(=O)N(*)C(=O)c5cc4C3=O)cc2)cc1,3529731260,3.378011291,3.602510532
*c1cccc(Oc2ccc(N3C(=O)c4cc5C(=O)N(*)C(=O)c5cc4C3=O)cc2)c1,4014814813,3.308296807,3.791165743
*c1ccc(-c2ccc(N3C(=O)c4ccc(-c5ccc6c(c5)C(=O)N(*)C6=O)cc4C3=O)cc2C(F)(F)F)c(C(F)(F)F)c1,2204368290,3.474829625,4.171479153
*C(=O)Oc1ccc(C(C)(C)c2ccc(OC(=O)c3ccc4c(c3)C(=O)N(c3ccc(-c5ccc(N6C(=O)c7ccc(*)cc7C6=O)c(C)c5)cc3C)C4=O)cc2)cc1,2960003806,3.639167774,4.510390771
*C(=O)Oc1ccc(C(C)(C)c2ccc(OC(=O)c3ccc4c(c3)C(=O)N(c3ccc(Oc5ccc(N6C(=O)c7ccc(*)cc7C6=O)cc5)cc3)C4=O)cc2)cc1,4295733091,3.486495565,4.260057693
*C(=O)Oc1ccc(C(C)(C)c2ccc(OC(=O)c3ccc4c(c3)C(=O)N(c3ccc(-c5ccc(N6C(=O)c7ccc(*)cc7C6=O)cc5)cc3)C4=O)cc2)cc1,4106876381,3.465253317,4.365280453
*c1ccc2c(c1)C(=O)N(c1ccc3c(c1)-c1cc(N4C(=O)c5ccc(C(*)(C(F)(F)F)C(F)(F)F)cc5C4=O)ccc1C3)C2=O,2603654625,3.690954768,3.829949035
*C(=O)Nc1ccc(NC(=O)c2ccc(N3C(=O)c4ccc(*)cc4C3=O)cc2)cc1,4354490115,2.897834738,3.915944417
*c1ccc(Oc2ccc(C(c3ccc(Oc4ccc(N5C(=O)c6ccc(Oc7ccc8c(c7)C(=O)N(*)C8=O)cc6C5=O)cc4)cc3)(C(F)(F)F)C(F)(F)F)cc2)cc1,3474790723,3.566064948,4.022942385
*c1cccc(Oc2cccc(Oc3cccc(-n4c(=O)c5cc6c(=O)n(*)c(=O)c6cc5c4=O)c3)c2)c1,4126614701,3.303375898,3.63729194
*c1ccc(Oc2ccc(S(=O)(=O)c3ccc(Oc4ccc(N5C(=O)c6ccc(C(=O)c7ccc8c(c7)C(=O)N(*)C8=O)cc6C5=O)cc4)cc3)cc2)cc1,3930576321,3.362776118,4.335262178
*c1ccc(Oc2ccc(S(=O)(=O)c3ccc(Oc4ccc(N5C(=O)c6ccc(Oc7ccc8c(c7)C(=O)N(*)C8=O)cc6C5=O)cc4)cc3)cc2)cc1,4218863519,3.250137305,4.19565796
*c1ccc(Oc2cccc(Oc3ccc(N4C(=O)c5ccc(C(=O)c6ccc7c(c6)C(=O)N(*)C7=O)cc5C4=O)cc3)c2)cc1,4136994492,3.279600192,4.064080553
*c1ccc(Oc2ccc(S(=O)(=O)c3ccc(Oc4ccc(N5C(=O)c6cc7C(=O)N(*)C(=O)c7cc6C5=O)cc4)cc3)cc2)cc1,3539028845,3.236782682,3.85093683
*c1ccc(-c2ccc(-n3c(=O)c4cc5c(=O)n(*)c(=O)c5cc4c3=O)cc2C(F)(F)F)c(C(F)(F)F)c1,2182243587,3.642474428,4.031692902
*c1ccc(S(=O)(=O)c2ccc(N3C(=O)c4ccc(-c5ccc6c(c5)C(=O)N(*)C6=O)cc4C3=O)cc2)cc1,3366727833,3.223713019,4.025478062
*C(=O)c1ccc2c(c1)C(=O)N(c1ccc(C3(c4ccc(N5C(=O)c6ccc(*)cc6C5=O)cc4)c4ccccc4-c4ccccc43)cc1)C2=O,2928783654,3.382110412,3.962131229
*CCCCCCN1C(=O)c2ccc(C(c3ccc4c(c3)C(=O)N(*)C4=O)(C(F)(F)F)C(F)(F)F)cc2C1=O,2699948949,3.599070699,3.242069099
*c1ccc2c(c1)C(=O)N(c1c(C)cc(Cc3cc(C)c(N4C(=O)c5ccc(C(*)(C(F)(F)F)C(F)(F)F)cc5C4=O)c(C)c3)cc1C)C2=O,2324202747,3.798954487,3.844417314
*c1ccc2c(c1)C(=O)N(c1c(CC)cc(Cc3cc(CC)c(N4C(=O)c5ccc(C(*)(C(F)(F)F)C(F)(F)F)cc5C4=O)c(CC)c3)cc1CC)C2=O,2098063854,3.978395318,3.989106966
*c1ccc2c(c1)C(=O)N(c1c(C(C)C)cc(Cc3cc(C(C)C)c(N4C(=O)c5ccc(C(*)(C(F)(F)F)C(F)(F)F)cc5C4=O)c(C(C)C)c3)cc1C(C)C)C2=O,2157784363,4.059899207,3.850677296
*c1ccc2c(c1)C(=O)N(c1cc(N3C(=O)c4ccc(C(*)(C(F)(F)F)C(F)(F)F)cc4C3=O)ccc1C)C2=O,2305577285,3.584545254,4.486027978
*c1ccc(S(=O)(=O)c2ccc(N3C(=O)c4ccc(C(c5ccc6c(c5)C(=O)N(*)C6=O)(C(F)(F)F)C(F)(F)F)cc4C3=O)cc2)cc1,2404672515,3.639060504,4.389813495
*c1ccc(S(=O)(=O)c2ccc(N3C(=O)c4ccc(C(=O)c5ccc6c(c5)C(=O)N(*)C6=O)cc4C3=O)cc2)cc1,3402196110,3.287507766,4.028084903
*c1ccc(-c2ccc(-n3c(=O)c4cc5c(=O)n(*)c(=O)c5cc4c3=O)cc2OC(F)(F)F)c(OC(F)(F)F)c1,2871487775,3.7348751,4.081546703
*C1CCC(N2C(=O)c3ccc(-c4ccc5c(c4)C(=O)N(*)C5=O)cc3C2=O)CC1,4384961283,3.350338868,3.512423683
*c1cc(C(c2ccc(O)c(-n3c(=O)c4cc5c(=O)n(*)c(=O)c5cc4c3=O)c2)(C(F)(F)F)C(F)(F)F)ccc1O,3176881576,3.873575623,3.337169941
*c1ccc2c(c1)C(=O)N(c1ccc(C(c3ccc(C)c(N4C(=O)c5ccc(C(*)(C(F)(F)F)C(F)(F)F)cc5C4=O)c3)(C(F)(F)F)C(F)(F)F)cc1C)C2=O,1911559203,3.954650762,3.980123851
*c1ccc2c(c1)C(=O)N(c1ccc(Oc3ccc(-c4ccc(Oc5ccc(N6C(=O)c7ccc(C(*)(C(F)(F)F)C(F)(F)F)cc7C6=O)cc5)cc4)cc3)cc1)C2=O,3552026290,3.463124634,4.472703971
*c1ccc(Oc2ccc(S(=O)(=O)c3ccc(Oc4ccc(N5C(=O)c6ccc(C(c7ccc8c(c7)C(=O)N(*)C8=O)(C(F)(F)F)C(F)(F)F)cc6C5=O)cc4)cc3)cc2)cc1,3603581352,3.720919803,4.610533974
*c1ccc2c(c1)C(=O)N(c1cccc(Oc3ccc(S(=O)(=O)c4ccc(Oc5cccc(N6C(=O)c7ccc(C(*)(C(F)(F)F)C(F)(F)F)cc7C6=O)c5)cc4)cc3)c1)C2=O,2982723987,3.730176791,4.84702973
*c1ccc(C(C)(C)c2ccc(N3C(=O)c4ccc(Oc5ccc6c(c5)C(=O)N(*)C6=O)cc4C3=O)cc2)cc1,3694900865,3.319191629,3.948237757
*c1cccc(N2C(=O)c3ccc(Oc4ccc5c(c4)C4(CC(C)(C)c6ccc(Oc7ccc8c(c7)C(=O)N(*)C8=O)cc64)CC5(C)C)cc3C2=O)c1,2620147067,4.698468549,4.359208829
*c1ccc(S(=O)(=O)c2ccc(N3C(=O)c4ccc(Oc5ccc6c(c5)C(=O)N(*)C6=O)cc4C3=O)cc2)cc1,3904459765,3.263009624,4.17708969
*c1ccc2c(c1)C(=O)N(c1ccc(Oc3ccc(N4C(=O)c5ccc(C(C)(C)CCCCCCCCC(*)(C)C)cc5C4=O)cc3)cc1)C2=O,3873697432,3.47528373,4.447980458
*C(=O)Nc1cccc(NC(=O)c2ccc(N3C(=O)c4ccc(*)cc4C3=O)cc2)c1,3875427401,2.938076117,4.207497879
*C(=O)c1ccc2c(c1)C(=O)N(c1ccc(C(=O)Nc3ccc(N4C(=O)c5ccc(*)cc5C4=O)cc3)cc1)C2=O,4160548738,3.100368294,3.851455671
*c1cccc(Oc2ccc(N3C(=O)c4ccc(C(=O)c5ccc6c(c5)C(=O)N(*)C6=O)cc4C3=O)cc2)c1,3755748141,3.203465524,3.990220077
*c1ccc(-c2sc(-c3ccc(-n4c(=O)c5cc6c(=O)n(*)c(=O)c6cc5c4=O)cc3)c(-c3ccccc3)c2-c2ccccc2)cc1,2338929408,3.383557585,4.350872702
*c1ccc(C(c2ccc(N3C(=O)c4cc5c(cc4C3=O)C(C(F)(F)F)(C(F)(F)F)c3cc4c(cc3O5)C(=O)N(*)C4=O)cc2)(C(F)(F)F)C(F)(F)F)cc1,2285537696,4.175883281,3.724720898
*c1ccc2c(c1)C(=O)N(c1cc(C(c3ccc(O)c(N4C(=O)c5ccc(C(*)(C(F)(F)F)C(F)(F)F)cc5C4=O)c3)(C(F)(F)F)C(F)(F)F)ccc1O)C2=O,2928985050,3.987976229,3.719270473
*c1ccc(Oc2c(C)cc(Cc3cc(C)c(Oc4ccc(-n5c(=O)c6cc7c(=O)n(*)c(=O)c7cc6c5=O)cc4)c(C)c3)cc2C)cc1,2153707098,3.545515707,3.867173727
*c1ccc(Oc2c(C)cc(Cc3cc(C)c(Oc4ccc(N5C(=O)c6ccc(-c7ccc8c(c7)C(=O)N(*)C8=O)cc6C5=O)cc4)c(C)c3)cc2C)cc1,3144673563,3.550107941,4.818895951
*C(=O)c1ccc2c(c1)C(=O)N(c1ccc(Oc3c(C)cc(Cc4cc(C)c(Oc5ccc(N6C(=O)c7ccc(*)cc7C6=O)cc5)c(C)c4)cc3C)cc1)C2=O,3418941754,3.567340322,4.557355094
*c1ccc2c(c1)C(=O)N(c1ccc(Oc3c(C)cc(Cc4cc(C)c(Oc5ccc(N6C(=O)c7ccc(C(*)(C(F)(F)F)C(F)(F)F)cc7C6=O)cc5)c(C)c4)cc3C)cc1)C2=O,2690987696,3.881607097,4.862856644
*c1c(C)cc(C(c2cc(C)c(N3C(=O)c4ccc(-c5ccc6c(c5)C(=O)N(*)C6=O)cc4C3=O)c(C)c2)c2cccc3ccccc23)cc1C,2347412558,4.037397594,3.979152519
*C(=O)c1ccc2c(c1)C(=O)N(c1c(C)cc(C(c3cc(C)c(N4C(=O)c5ccc(*)cc5C4=O)c(C)c3)c3cccc4ccccc34)cc1C)C2=O,2097132127,4.125458992,3.871264126
*c1ccc2c(c1)C(=O)N(c1c(C)cc(C(c3cc(C)c(N4C(=O)c5ccc(C(*)(C(F)(F)F)C(F)(F)F)cc5C4=O)c(C)c3)c3cccc4ccccc34)cc1C)C2=O,2223713310,4.429117681,3.865943853
*c1ccc(Oc2c(C)cc(C(c3cc(C)c(Oc4ccc(-n5c(=O)c6cc7c(=O)n(*)c(=O)c7cc6c5=O)cc4)c(C)c3)c3cccc4ccccc34)cc2C)cc1,2390553867,4.205070154,4.322567796
*c1ccc(Oc2c(C)cc(C(c3cc(C)c(Oc4ccc(N5C(=O)c6ccc(-c7ccc8c(c7)C(=O)N(*)C8=O)cc6C5=O)cc4)c(C)c3)c3cccc4ccccc34)cc2C)cc1,2659999168,4.272271981,4.96036307
*c1ccc2c(c1)C(=O)N(c1ccc(Oc3c(C)cc(C(c4cc(C)c(Oc5ccc(N6C(=O)c7ccc(C(*)(C(F)(F)F)C(F)(F)F)cc7C6=O)cc5)c(C)c4)c4cccc5ccccc45)cc3C)cc1)C2=O,2342295996,4.618015627,4.693610597
*/C=C/C1CC(*)C2C(=O)N(CCCCC)C(=O)C12,2663701726,4.980631376,3.787587229
*/C=C/C1CC(*)C2C(=O)N(CCCCCC)C(=O)C12,2632811504,4.883589787,4.028507493
*c1cccc(P(=O)(c2cccc(-n3c(=O)c4cc5c(=O)n(*)c(=O)c5cc4c3=O)c2)c2cc(C(F)(F)F)cc(C(F)(F)F)c2)c1,2263702464,4.402371099,3.88197756
*c1cccc(P(=O)(c2ccc(C(F)(F)F)cc2)c2cccc(-n3c(=O)c4cc5c(=O)n(*)c(=O)c5cc4c3=O)c2)c1,2980928532,4.232409652,4.028165704
*c1cccc(P(=O)(c2ccccc2)c2cccc(-n3c(=O)c4cc5c(=O)n(*)c(=O)c5cc4c3=O)c2)c1,3097979758,4.111813445,3.572463009
*Oc1c(C)cc(C(C)(C)c2cc(C)c(ON3C(=O)c4ccc(Oc5ccc(C6(c7ccc(Oc8ccc9c(c8)C(=O)N(*)C9=O)cc7)CCC(C(C)(C)C)CC6)cc5)cc4C3=O)c(C)c2)cc1C,2822222995,4.2395974,4.476737186
*c1ccc(Oc2ccc(C(c3ccc(Oc4ccc(N5C(=O)c6ccc(Oc7ccc(C8(c9ccc(Oc%10ccc%11c(c%10)C(=O)N(*)C%11=O)cc9)CCC(C(C)(C)C)CC8)cc7)cc6C5=O)cc4)cc3)(C(F)(F)F)C(F)(F)F)cc2)cc1,3030544185,4.350024206,4.744069488
*c1ccc(Oc2ccc(Oc3ccc(N4C(=O)c5ccc(Oc6ccc(C7(c8ccc(Oc9ccc%10c(c9)C(=O)N(*)C%10=O)cc8)CCC(C(C)(C)C)CC7)cc6)cc5C4=O)cc3)c(C(C)(C)C)c2)cc1,3459779359,4.050244404,4.72428572
*c1ccc(Oc2ccc(C3(c4ccc(Oc5ccc(N6C(=O)c7ccc(Oc8ccc(C9(c%10ccc(Oc%11ccc%12c(c%11)C(=O)N(*)C%12=O)cc%10)CCC(C(C)(C)C)CC9)cc8)cc7C6=O)cc5)cc4)CC4CC3C3CCCC43)cc2)cc1,3581030581,6.296585652,4.917707634
*C(=O)Nc1cccc(C#Cc2cccc(N3C(=O)c4ccc(*)cc4C3=O)c2)c1,3427223859,3.251661363,3.937245362
*c1ccc(Oc2ccc(NC(=O)CN3C(=O)c4ccc(C(c5ccc6c(c5)C(=O)N(CC(=O)Nc5ccc(Oc7ccc(-c8nnc(*)o8)cc7)cc5)C6=O)(C(F)(F)F)C(F)(F)F)cc4C3=O)cc2)cc1,3447219103,4.025161769,4.999661382
*c1ccc(Oc2c(C)cc(C(C)(C)c3cc(C)c(Oc4ccc(N5C(=O)c6ccc(Oc7ccc(C8(c9ccc(Oc%10ccc%11c(c%10)C(=O)N(*)C%11=O)cc9)CCC(c9ccccc9)CC8)cc7)cc6C5=O)cc4)c(C)c3)cc2C)cc1,2949893383,4.38720878,4.729287637
*c1ccc(Oc2ccc(Oc3ccc(N4C(=O)c5ccc(Oc6ccc(C7(c8ccc(Oc9ccc%10c(c9)C(=O)N(*)C%10=O)cc8)CCC(c8ccccc8)CC7)cc6)cc5C4=O)cc3)c(C(C)(C)C)c2)cc1,3463799346,4.062289764,4.732023767
*c1ccc(Oc2ccc(-c3ccc(Oc4ccc(N5C(=O)c6ccc(Oc7ccc(C8(c9ccc(Oc%10ccc%11c(c%10)C(=O)N(*)C%11=O)cc9)CCC(c9ccccc9)CC8)cc7)cc6C5=O)cc4)cc3C)c(C)c2)cc1,3064394947,4.052683392,4.673635257
*c1ccc(Oc2ccc(N3C(=O)c4ccc(Oc5ccc(C6(c7ccc(Oc8ccc9c(c8)C(=O)N(*)C9=O)cc7)CCC(c7ccccc7)CC6)cc5)cc4C3=O)cc2)cc1,3702611930,3.67346434,4.385833512
*c1ccc(Oc2ccccc2Oc2ccc(-n3c(=O)c4cc5c(=O)n(*)c(=O)c5cc4c3=O)cc2)cc1,3619789167,3.247405386,3.567262858
*c1ccc(Oc2ccc(Oc3ccc(-n4c(=O)c5cc6c(=O)n(*)c(=O)c6cc5c4=O)cc3)cc2C(C)(C)C)cc1,3470022768,3.419439422,4.066467537
*c1ccc(Oc2ccc(Oc3ccc(-n4c(=O)c5cc6c(=O)n(*)c(=O)c6cc5c4=O)cc3)cc2-c2ccccc2)cc1,3163193507,3.304220963,4.188747687
*c1ccc(Oc2cc(C(C)(C)C)ccc2Oc2ccc(-n3c(=O)c4cc5c(=O)n(*)c(=O)c5cc4c3=O)cc2)cc1,3280025296,3.423503327,3.689345032
*c1ccc(Oc2ccc(Oc3ccc(N4C(=O)c5ccc(-c6ccc7c(c6)C(=O)N(*)C7=O)cc5C4=O)cc3)cc2)cc1,3387407838,3.067707573,4.066948194
*c1ccc(Oc2ccccc2Oc2ccc(N3C(=O)c4ccc(-c5ccc6c(c5)C(=O)N(*)C6=O)cc4C3=O)cc2)cc1,3790504633,3.18610271,4.353128004
*c1ccc(Oc2ccc(Oc3ccc(N4C(=O)c5ccc(-c6ccc7c(c6)C(=O)N(*)C7=O)cc5C4=O)cc3)c(C(C)(C)C)c2)cc1,3396707316,3.389245792,4.674162188
*c1ccc(Oc2ccc(Oc3ccc(N4C(=O)c5ccc(-c6ccc7c(c6)C(=O)N(*)C7=O)cc5C4=O)cc3)c(-c3ccccc3)c2)cc1,3410676762,3.299139528,4.842549743
*c1ccc(Oc2cc(C(C)(C)C)ccc2Oc2ccc(N3C(=O)c4ccc(-c5ccc6c(c5)C(=O)N(*)C6=O)cc4C3=O)cc2)cc1,2993471481,3.392767844,4.155489115
*c1ccc(Oc2ccc(-c3ccc(Oc4ccc(N5C(=O)c6ccc(Oc7cccc(Oc8ccc9c(c8)C(=O)N(*)C9=O)c7)cc6C5=O)cc4)cc3)cc2)cc1,3830137979,3.238309492,4.255764422
*c1ccc(Oc2ccc(C3(c4ccc(Oc5ccc(N6C(=O)c7ccc(Oc8ccc(C9(c%10ccc(Oc%11ccc%12c(c%11)C(=O)N(*)C%12=O)cc%10)CCC(c%10ccccc%10)CC9)cc8)cc7C6=O)cc5)cc4)CC4CC3C3CCCC43)cc2)cc1,3264565911,6.290907287,4.735317673
*C(=O)c1ccc2c(c1)C(=O)N(c1cc(C(c3ccc(O)c(N4C(=O)c5ccc(*)cc5C4=O)c3)(C(F)(F)F)C(F)(F)F)ccc1O)C2=O,3095790444,3.806693911,3.571459552
*c1ccc(Oc2ccc(-c3ccc(Oc4ccc(N5C(=O)c6ccc(Oc7ccc(C8(c9ccc(Oc%10ccc%11c(c%10)C(=O)N(*)C%11=O)cc9)CCCCCCCCCCC8)cc7)cc6C5=O)cc4)cc3C)c(C)c2)cc1,3141913918,4.354510667,4.701862696
*c1ccc(Cc2ccc(N3C(=O)c4ccc(Oc5ccc(C6(c7ccc(Oc8ccc9c(c8)C(=O)N(*)C9=O)cc7)CCCCCCCCCCC6)cc5)cc4C3=O)cc2)cc1,3912583682,4.050774399,4.56650681
*c1ccc(Oc2ccc(Oc3ccc(N4C(=O)c5ccc(Oc6ccc(C7(c8ccc(Oc9ccc%10c(c9)C(=O)N(*)C%10=O)cc8)CCCCCCCCCCC7)cc6)cc5C4=O)cc3)c(C(C)(C)C)c2)cc1,2908357396,4.37233481,4.761252939
*c1ccc(Oc2ccc(C3(c4ccc(Oc5ccc(N6C(=O)c7ccc(Oc8ccc(C9(c%10ccc(Oc%11ccc%12c(c%11)C(=O)N(*)C%12=O)cc%10)CCCCCCCCCCC9)cc8)cc7C6=O)cc5)cc4)CCC(C(C)(C)C)CC3)cc2)cc1,3066771785,4.710365126,4.599756339
*c1ccc(Oc2ccc(C3(c4ccc(Oc5ccc(N6C(=O)c7ccc(Oc8ccc(C9(c%10ccc(Oc%11ccc%12c(c%11)C(=O)N(*)C%12=O)cc%10)CCCCCCCCCCC9)cc8)cc7C6=O)cc5)cc4)C4CC5CC(C4)CC3C5)cc2)cc1,3055081794,5.743659579,4.968784061
*c1ccc2c(c1)C(=O)N(c1ccc(Oc3ccc4ccc(Oc5ccc(N6C(=O)c7ccc(C(*)(C(F)(F)F)C(F)(F)F)cc7C6=O)cc5)cc4c3)cc1)C2=O,3111273960,3.574315023,4.292745787
*c1ccc(Oc2ccc3ccc(Oc4ccc(-n5c(=O)c6cc7c(=O)n(*)c(=O)c7cc6c5=O)cc4)cc3c2)cc1,3704630531,3.262095341,3.778871657
*c1cccc(P(=O)(c2cccc(-n3c(=O)c4c(-c5cc(C(F)(F)F)cc(C(F)(F)F)c5)c5c(=O)n(*)c(=O)c5c(-c5cc(C(F)(F)F)cc(C(F)(F)F)c5)c4c3=O)c2)c2cc(C(F)(F)F)cc(C(F)(F)F)c2)c1,1809424333,4.913471756,4.59498429
*c1cccc(P(=O)(c2ccc(C(F)(F)F)cc2)c2cccc(-n3c(=O)c4c(-c5cc(C(F)(F)F)cc(C(F)(F)F)c5)c5c(=O)n(*)c(=O)c5c(-c5cc(C(F)(F)F)cc(C(F)(F)F)c5)c4c3=O)c2)c1,1369918272,4.797426305,4.966821933
*c1cccc(P(=O)(c2ccccc2)c2cccc(-n3c(=O)c4c(-c5cc(C(F)(F)F)cc(C(F)(F)F)c5)c5c(=O)n(*)c(=O)c5c(-c5cc(C(F)(F)F)cc(C(F)(F)F)c5)c4c3=O)c2)c1,1738385505,4.673626974,4.658219314
*c1cccc(P(=O)(c2cccc(-n3c(=O)c4c(-c5ccc(C(F)(F)F)cc5)c5c(=O)n(*)c(=O)c5c(-c5ccc(C(F)(F)F)cc5)c4c3=O)c2)c2cc(C(F)(F)F)cc(C(F)(F)F)c2)c1,2101367028,4.661704688,4.621215144
*c1cccc(P(=O)(c2ccc(C(F)(F)F)cc2)c2cccc(-n3c(=O)c4c(-c5ccc(C(F)(F)F)cc5)c5c(=O)n(*)c(=O)c5c(-c5ccc(C(F)(F)F)cc5)c4c3=O)c2)c1,2088569870,4.493700313,4.785864841
*c1cccc(P(=O)(c2ccccc2)c2cccc(-n3c(=O)c4c(-c5ccc(C(F)(F)F)cc5)c5c(=O)n(*)c(=O)c5c(-c5ccc(C(F)(F)F)cc5)c4c3=O)c2)c1,1803184797,4.401048884,4.603664071
*c1cccc(P(=O)(c2cccc(-n3c(=O)c4c(-c5ccccc5)c5c(=O)n(*)c(=O)c5c(-c5ccccc5)c4c3=O)c2)c2cc(C(F)(F)F)cc(C(F)(F)F)c2)c1,1581057092,4.470546942,4.413915864
*c1cccc(P(=O)(c2ccc(C(F)(F)F)cc2)c2cccc(-n3c(=O)c4c(-c5ccccc5)c5c(=O)n(*)c(=O)c5c(-c5ccccc5)c4c3=O)c2)c1,2471674548,4.334822643,4.636953434
*c1cccc(P(=O)(c2ccccc2)c2cccc(-n3c(=O)c4c(-c5ccccc5)c5c(=O)n(*)c(=O)c5c(-c5ccccc5)c4c3=O)c2)c1,2117925652,4.110030642,4.379602767
*c1ccc(Oc2ccc(N3C(=O)c4cccc(Oc5cccc6c5C(=O)N(*)C6=O)c4C3=O)cc2)cc1,4082679676,3.284214172,3.941782543
*c1ccc(Oc2ccc(N3C(=O)c4ccc(Oc5cccc6c5C(=O)N(*)C6=O)cc4C3=O)cc2)cc1,3363007983,3.217755198,4.329385357
*c1ccc(Oc2ccc(Oc3ccc(N4C(=O)c5cccc(Oc6cccc7c6C(=O)N(*)C7=O)c5C4=O)cc3)cc2)cc1,4128233694,3.249754161,3.941782543
*c1ccc(Oc2ccc(Oc3ccc(N4C(=O)c5ccc(Oc6cccc7c6C(=O)N(*)C7=O)cc5C4=O)cc3)cc2)cc1,3703537783,3.258561305,4.329385357
*c1ccc(Oc2ccc(N3C(=O)C4CCC5C(=O)N(*)C(=O)C5C4C3=O)cc2)cc1,4327080353,4.389636707,3.490827178
*c1ccc(Cc2ccc(N3C(=O)C4CCC5C(=O)N(*)C(=O)C5C4C3=O)c(C)c2)cc1C,3435628955,4.542374999,3.941201383
*c1ccc(Oc2ccc(Oc3ccc(N4C(=O)C5CCC6C(=O)N(*)C(=O)C6C5C4=O)cc3)cc2)cc1,4098820244,4.301243152,3.490827178
*c1ccc(Oc2ccc(C(C)(C)c3ccc(Oc4ccc(N5C(=O)C6CCC7C(=O)N(*)C(=O)C7C6C5=O)cc4)cc3)cc2)cc1,3916250080,4.450084852,3.751899792
*C(=O)c1ccc2c(c1)C(=O)N(c1c(C)cc(Cc3cc(C)c(N4C(=O)c5ccc(*)cc5C4=O)c(C)c3)cc1C)C2=O,2854266360,3.526378274,3.721164307
*C(=O)c1ccc2c(c1)C(=O)N(c1c(CC)cc(Cc3cc(CC)c(N4C(=O)c5ccc(*)cc5C4=O)c(CC)c3)cc1CC)C2=O,2449912881,3.711871325,3.803175207
*C(=O)c1ccc2c(c1)C(=O)N(c1c(C(C)C)cc(Cc3cc(C(C)C)c(N4C(=O)c5ccc(*)cc5C4=O)c(C(C)C)c3)cc1C(C)C)C2=O,2409312474,3.785041852,3.919722002
*c1ccc(Oc2ccc(Oc3ccc(N4C(=O)c5ccc(Oc6ccccc6Oc6ccc7c(c6)C(=O)N(*)C7=O)cc5C4=O)cc3C(F)(F)F)cc2)c(C(F)(F)F)c1,2983771659,3.632383937,4.424704247
*c1ccc(Oc2ccccc2Oc2ccc(N3C(=O)c4ccc(Oc5ccccc5Oc5ccc6c(c5)C(=O)N(*)C6=O)cc4C3=O)cc2C(F)(F)F)c(C(F)(F)F)c1,3204198354,3.660142179,4.525164873
*c1ccc(Oc2c(C)cc(-c3cc(C)c(Oc4ccc(N5C(=O)c6ccc(Oc7ccccc7Oc7ccc8c(c7)C(=O)N(*)C8=O)cc6C5=O)cc4C(F)(F)F)c(C)c3)cc2C)c(C(F)(F)F)c1,2954433157,4.04072795,4.988353186
*c1ccc(Oc2ccc(C(c3ccc(Oc4ccc(N5C(=O)c6ccc(Oc7ccccc7Oc7ccc8c(c7)C(=O)N(*)C8=O)cc6C5=O)cc4C(F)(F)F)cc3)(C(F)(F)F)C(F)(F)F)cc2)c(C(F)(F)F)c1,3267062746,4.136000534,4.558469515
*c1ccc(Oc2ccc(C3(c4ccc(Oc5ccc(N6C(=O)c7ccc(Oc8ccccc8Oc8ccc9c(c8)C(=O)N(*)C9=O)cc7C6=O)cc5C(F)(F)F)cc4)c4ccccc4-c4ccccc43)cc2)c(C(F)(F)F)c1,2600310576,4.154508275,4.927329238
*c1ccc(N2C(=O)c3ccc(Oc4ccc(C(C)(C)c5cccc(Oc6ccc7c(c6)C(=O)N(*)C7=O)c5)cc4)cc3C2=O)cc1,3939099842,3.393767523,4.17890252
*CCCCCCCCCCN1C(=O)C2C3C=CC(C4C(=O)N(*)C(=O)C34)C2C1=O,4004408771,5.533767232,3.15634548
*C1CCC(CC2CCC(N3C(=O)C4C5C=CC(C6C(=O)N(*)C(=O)C56)C4C3=O)CC2)CC1,3973236260,5.783789846,3.58120692
*C1CCC(CC2CCC(N3C(=O)C4C5C=CC(C6C(=O)N(*)C(=O)C56)C4C3=O)C(C)C2)CC1C,3547981862,6.394659665,4.148972637
*c1cc(C(c2ccc(O)c(N3C(=O)c4ccc(Oc5ccc6c(c5)C(=O)N(*)C6=O)cc4C3=O)c2)(C(F)(F)F)C(F)(F)F)ccc1O,3442364161,3.773489658,3.920080738
*c1ccc(C(C)(C)c2ccc(C(C)(C)c3ccc(N4C(=O)c5ccc(Oc6ccc7c(c6)C(=O)N(*)C7=O)cc5C4=O)cc3)cc2)cc1,3343017521,3.397617347,3.948237757
*c1ccc(Sc2ccc(Sc3ccc(Sc4ccc(-n5c(=O)c6cc7c(=O)n(*)c(=O)c7cc6c5=O)cc4)cc3)cc2)cc1,4032551616,3.348138784,3.401892784
*c1ccc(Sc2ccc3c(c2)Sc2ccc(Sc4ccc(-n5c(=O)c6cc7c(=O)n(*)c(=O)c7cc6c5=O)cc4)cc2S3)cc1,4164416099,3.807604794,4.367877868
*C(=O)Oc1ccc(OC(=O)c2ccc3c(c2)C(=O)N(C2CCC(N4C(=O)c5ccc(*)cc5C4=O)CC2)C3=O)cc1,3856528350,3.35442516,3.799017812
*C(=O)Oc1ccc(OC(=O)c2ccc3c(c2)C(=O)N(c2ccc(-c4ccc(N5C(=O)c6ccc(*)cc6C5=O)cc4C(F)(F)F)c(C(F)(F)F)c2)C3=O)cc1,3242954426,3.621116404,4.179489897
*c1ccc(C(=O)Oc2ccc(-n3c(=O)c4cc5c(=O)n(*)c(=O)c5cc4c3=O)cc2)cc1,5141644344,3.296730845,3.599014989
*c1ccc(C(=O)Oc2ccc(N3C(=O)c4ccc(-c5ccc6c(c5)C(=O)N(*)C6=O)cc4C3=O)cc2)cc1,4156120937,3.176704685,4.178730544
*C(=O)Oc1ccc(OC(=O)c2ccc3c(c2)C(=O)N(c2ccc(C(=O)Oc4ccc(N5C(=O)c6ccc(*)cc6C5=O)cc4)cc2)C3=O)cc1,3701781804,3.21450678,3.922284503
*c1ccc(C(=O)Nc2ccc(-n3c(=O)c4cc5c(=O)n(*)c(=O)c5cc4c3=O)cc2)cc1,4803161358,3.221788537,3.907285334
*C(=O)Oc1ccc(OC(=O)c2ccc3c(c2)C(=O)N(c2ccc(C(=O)Nc4ccc(N5C(=O)c6ccc(*)cc6C5=O)cc4)cc2)C3=O)cc1,4096662014,3.28475233,4.422461421
*c1cc(C(c2ccc(O)c(N3C(=O)c4ccc(-c5ccc6c(c5)C(=O)N(*)C6=O)cc4C3=O)c2)(C(F)(F)F)C(F)(F)F)ccc1O,3024695095,3.754978362,3.832315018
*c1ccc2c(c1)C(=O)N(c1ccc(-c3ccc(Oc4ccc5c(c4)C(C)(c4ccc(Oc6ccc(-c7ccc(N8C(=O)c9ccc(C(*)(C(F)(F)F)C(F)(F)F)cc9C8=O)cc7)cc6C(F)(F)F)cc4)CC5(C)C)c(C(F)(F)F)c3)cc1)C2=O,2741832122,5.029158759,4.998879147
*c1ccc(-c2ccc(Oc3ccc(C4(C)CC(C)(C)c5ccc(Oc6ccc(-c7ccc(N8C(=O)c9ccc(Oc%10ccc%11c(c%10)C(=O)N(*)C%11=O)cc9C8=O)cc7)cc6C(F)(F)F)cc54)cc3)c(C(F)(F)F)c2)cc1,2982305645,4.71145898,4.643237648
*c1cccc(N2C(=O)c3ccc(-c4cccc5c4C(=O)N(*)C5=O)cc3C2=O)c1,3590743044,3.276370736,3.906512489
*c1ccc(-c2ccc(N3C(=O)c4ccc(-c5cccc6c5C(=O)N(*)C6=O)cc4C3=O)c(C)c2)cc1C,2522368095,3.303120002,4.146501519
*c1ccc(-c2ccc(N3C(=O)c4ccc(-c5cccc6c5C(=O)N(*)C6=O)cc4C3=O)cc2C)c(C)c1,2461232300,3.337747143,4.586778507
*c1ccc(-c2ccc(N3C(=O)c4ccc(-c5cccc6c5C(=O)N(*)C6=O)cc4C3=O)cc2C(F)(F)F)c(C(F)(F)F)c1,2169034808,3.56867371,4.426352604
*c1ccc(Oc2cccc(N3C(=O)c4ccc(-c5cccc6c5C(=O)N(*)C6=O)cc4C3=O)c2)cc1,3369772087,3.235003098,4.305512607
*c1ccc(Oc2ccc(Oc3ccc(N4C(=O)c5ccc(-c6cccc7c6C(=O)N(*)C7=O)cc5C4=O)cc3)cc2)cc1,3649787294,3.230479205,4.08332782
*c1ccc(Oc2cccc(Oc3ccc(N4C(=O)c5ccc(-c6cccc7c6C(=O)N(*)C7=O)cc5C4=O)cc3)c2)cc1,3929587190,3.265311073,4.390035454
*c1cccc(Oc2cccc(Oc3cccc(N4C(=O)c5ccc(-c6cccc7c6C(=O)N(*)C7=O)cc5C4=O)c3)c2)c1,2906095338,3.306784699,4.293894078
*c1ccc(-c2ccc(N3C(=O)c4cc5c(cc4C3=O)C(C(F)(F)F)(C(F)(F)F)c3cc4c(cc3O5)C(=O)N(*)C4=O)cc2C(F)(F)F)c(C(F)(F)F)c1,2041672289,4.155584467,4.052514484
*c1ccc(-c2ccc(N3C(=O)c4cc5c(cc4C3=O)C(C(F)(F)F)(C(F)(F)F)c3cc4c(cc3O5)C(=O)N(*)C4=O)cc2OC(F)(F)F)c(OC(F)(F)F)c1,2031415448,4.259399901,4.04623844
*C(=O)Nc1ccc(C2(c3ccc(NC(=O)c4ccc5c(c4)C(=O)N(c4ccc(Sc6ccc(Oc7ccc(Sc8ccc(N9C(=O)c%10ccc(*)cc%10C9=O)cc8)cc7)cc6)cc4)C5=O)cc3)c3ccccc3-c3ccccc32)cc1,3520056960,4.160312928,4.711976533
*c1ccc(Sc2ccc(Oc3ccc(Sc4ccc(N5C(=O)c6ccc(Oc7ccc(C(C)(C)c8ccc(Oc9ccc%10c(c9)C(=O)N(*)C%10=O)cc8)cc7)cc6C5=O)cc4)cc3)cc2)cc1,3745708675,3.689482862,4.122109625
*c1ccc2c(c1)C(=O)N(c1ccc(Sc3ccc(Oc4ccc(Sc5ccc(N6C(=O)c7ccc(C(*)(C(F)(F)F)C(F)(F)F)cc7C6=O)cc5)cc4)cc3)cc1)C2=O,2862287819,3.689980902,4.113919645
*OC(C)COC(*)=O,3566112628,5.541927734,1.695269251
*Oc1ccc2c(c1)C1(CC2(C)C)CC(C)(C)c2ccc(OC(*)=O)cc21,2501806380,4.628438549,3.377425844
*Oc1ccc(C(C)(C)c2ccc(OC(*)=O)c(CC)c2)cc1CC,2799379350,3.367173408,2.956755909
*Oc1ccc(C(C)(CCC#N)c2ccc(OC(*)=O)cc2)cc1,3704332399,3.849506254,2.96298452
*Oc1ccc(C(C)(CCC#N)c2ccc(OC(*)=O)c(C)c2)cc1C,3053646510,4.01616853,3.144297881
*Oc1ccc(C(CCC)(CCC)c2ccc(OC(*)=O)c(C)c2)cc1C,2048543384,3.455410369,3.117299472
*Oc1ccc(C(CCCC)(CCCC)c2ccc(OC(*)=O)cc2)cc1,2317644352,3.235841144,3.250545123
*CCCCCCCCCSC(=O)S*,3325178159,4.013750701,2.168503634
*CCCCCCCCCCCCSC(=O)S*,3200787954,3.670648005,2.168503634
*Sc1ccc(Cc2ccc(SC(*)=O)cc2)cc1,3434482026,3.2265592,2.643126185
*Oc1ccc(C(C)(C)c2ccc(OC(=O)SCCCSC(*)=O)cc2)cc1,3299320531,3.520870267,3.277202713
*Oc1ccc(C(C)(C)c2ccc(OC(=O)SCCCCCCSC(*)=O)cc2)cc1,3526937471,3.451585401,3.331743354
*Oc1ccc(C(C)(C)c2ccc(OC(=O)Sc3ccc(C(C)(C)c4ccc(SC(*)=O)cc4)cc3)cc2)cc1,3129293810,3.397509601,2.963956931
*C1NC(CC1)*,3341886253,6.817619818,1.669963238
*Nc1ccc(cc1)*,4321105817,4.635493853,1.948342429
*c1ccc(Cc2ccc(N(*)Cc3ccccc3)cc2)cc1,3437968182,2.963763654,2.533689278
*Cc1cc(C(C)(C)c2ccc3c(c2)CN(C)CO3)cc(CN(*)C)c1O,3424675138,3.799326378,4.406643736
*c1ccc(C(c2ccc(-c3nc4cc(-c5ccc6nc(*)[nH]c6c5)ccc4[nH]3)cc2)(C(F)(F)F)C(F)(F)F)cc1,3109585376,3.601488294,4.506264292
*c1ccc(C(c2ccc(-c3nc4ccc(-c5ccc6nc(*)[nH]c6c5)cc4[nH]3)cc2)(C(F)(F)F)C(F)(F)F)cc1,2673692227,3.587132843,4.312179006
*c1cccc(S(=O)(=O)NCCCCCCNS(*)(=O)=O)c1,5228158145,3.338991049,3.424678394
*c1ccc(S(*)(=O)=O)cc1,3483621018,4.255679912,1.334821902
*Cc1cc(*)c(O)cc1C,3339679684,4.575082034,2.556295948
