smiles,TC,SA,SC,atom_count
*CC*,0.456184962,7.580215354,1.541755759,4
*C(C*)C,0.25877338,6.81263495,1.298382123,5
*C(C*)CC,0.264363289,6.583313619,2.46203475,6
*C(C*)CCC,0.261130695,5.862972811,2.361664522,7
*C(C*)C(C)C,0.234342233,6.026353807,2.428457495,7
*C(C*)CCCC,0.275330549,5.310989423,2.138163687,8
*C(C*)CC(C)C,0.240918065,5.514917555,2.405758025,8
*C(C*)CCCCC,0.27463839,4.877386847,2.379733478,9
*C(C*)CCC(CC)C,0.265949678,5.319046134,3.146004649,10
*C(C*)CCCCCCC,0.3025418,4.325837253,2.625512585,11
*C(C*)CCCCCCCC,0.311086292,4.13254673,2.625512585,12
*C(C*)(C)C,0.239525744,5.67263114,2.169541085,6
*C(C*)(CC)C,0.238234779,6.091137517,2.115967574,7
*C(CC*)(C)C,0.243031165,5.701351188,2.139989948,7
*C(C(C*)C)(C)C,0.236350165,5.757218689,2.753943943,8
*C(CCC*)(C)C,0.26184049,5.447604484,2.36285521,8
*C(CCC*)(CC)C,0.255337725,5.732799974,2.702136861,9
*C(CCCCCCC*)C,0.335492597,4.578686484,3.179751684,11
*C(C*)C1CC1,0.241876535,5.953357427,2.530275784,7
*C(C*)C1CCC1,0.225308463,5.417308105,2.446673519,8
*C(C*)C1CCCC1,0.231107263,4.903314463,2.692107056,9
*C(C*)CC1CCCC1,0.258406248,4.648575734,2.64475463,10
*C(C*)C1CCCCC1,0.209246003,4.589071888,2.591818349,10
*C(C*)CC1CCCCC1,0.229332958,4.394489015,2.666891126,11
*C(C*)Cc1ccccc1,0.192462189,3.903142613,2.326159966,11
*C(C*)CCc1ccccc1,0.213754837,3.794186714,2.495479859,12
*C(C*)C(c1ccccc1)C,0.185319288,4.228320641,2.810324067,12
*C1CC(CC1)C*,0.316659421,6.140448249,2.463623404,8
*C(C*)CCCCCC,0.285305157,4.568059617,2.625512585,10
*C(C*)CCCCCCCCCC,0.342728736,3.847980106,2.625512585,14
*C(C*)CCCCCCCCCCCC,0.357973495,3.654586931,2.625512585,16
*C(C*)CCCCCCCCCCCCCCCC,0.373038526,3.392241727,2.625512585,20
*C(C*)C(CC)C,0.234228593,5.794196221,2.404102141,8
*C(C*)C(CC)CC,0.243101437,5.318240108,2.450312168,9
*C(C*)CC(CC)CC,0.26234017,5.110226284,2.73643617,10
*C(C*)CC(CC)C,0.263746378,5.56160125,2.94979398,9
*C(C*)CC(C)(C)C,0.234660455,5.428949959,2.292885725,9
*C(C*)CC(CC)(C)C,0.232292247,5.339405053,2.889647449,10
*C(C*)CCCC(C)(C)C,0.257288867,4.930653407,2.708449022,11
*C(C*)CCC1CCCCC1,0.251637679,4.256131058,2.867603257,12
*C(C*)CCCC1CCCCC1,0.265537579,4.141720784,3.080399286,13
*C1(CCC(CC1)C)C*,0.21062304,4.718736033,2.721719687,10
*C(C*)(CCC)C,0.243076256,5.571811401,2.587337735,8
*/C=C/CC*,0.303711437,6.665661318,2.261726228,6
*/C=C\CC*,0.266947942,6.665661318,1.932853367,6
*C=CCC*,0.314780299,6.665661318,1.900867094,6
*C(C)C(C)*,0.264498348,6.24326057,1.214402587,6
*C(C(CC*)C)C,0.254887827,6.095059298,2.480514178,8
*C1C(CCC1)CC*,0.250907231,5.788741745,2.854253131,9
*C=CCCCCCCCC*,0.343357529,4.090953779,2.718664765,12
*C(C*)CCCCCCCCCCCCCCCCCCCC,0.393169818,3.161566396,2.625512585,24
*/C=C/CCCCCCCCCC*,0.336324709,3.758462509,2.618285623,14
*C(C*)CCCCCCCCCCCCCC,0.365110117,3.520648814,2.625512585,18
*C=CCCCCCC*,0.302191029,4.589623762,2.718664765,10
*/C=C/CCC*,0.289325665,5.921314275,2.483230145,7
*C(C*)C(C)(C)C,0.210797175,5.710870511,2.007683746,8
*/C=C\CCCC*,0.263602776,5.388981757,2.317689495,8
*C(C*)CCCCCCCCCCCCC,0.349106811,3.581551384,2.625512585,17
*C(CC)C(CC)*,0.250042719,6.039480837,1.404320804,8
*C(C*)CCCCCCCCCCC,0.329033378,3.742292234,2.625512585,15
*C(C*)CCCCCCCCC,0.296879704,3.976062052,2.625512585,13
*C(C*)C1CC(CCC1)C,0.212366103,5.128018786,2.845228215,11
*C(C*)C1CCC(CC1)C,0.229479225,4.614649561,3.165882212,11
*C(C*)C1CC=CCC1,0.196699201,5.51426473,2.612723983,10
*C(=CCC*)CCCCCCC,0.278102134,4.073343596,2.53128912,13
*C(=CCC*)C(C)C,0.235767575,5.428167138,2.107683218,9
*/C=C\CCC*,0.244482147,5.921314275,2.185752721,7
*C(C*)CCC(C)(C)C,0.249457925,5.149374899,2.458412312,10
*C1C(CC1)*,0.236871624,6.793458439,1.508018445,6
*/C=C\*,0.573236329,7.826338431,1.660729761,4
*/C=C\CCCCC*,0.271936281,4.938276007,2.56187061,9
*C1CC(CC1)C=C*,0.309193929,6.180094975,2.32671701,9
*/C=C/C(C*)C(CC)C,0.237962753,5.885694654,2.188831912,10
*C(=CCC*)CCC,0.257522564,5.283603007,2.290821083,9
*C=CCCCCCCCCCC*,0.357300526,3.758462509,2.718664765,14
*C1(CCCCC1)C*,0.209508397,4.755506776,2.010029386,9
*C=CC(CCCCC*)C,0.264312063,5.1096311,3.241597045,11
*/C(=C\CC*)C(C)(C)C,0.230866797,5.175253367,2.051376972,10
*C(C*)c1ccccc1,0.203029804,4.11851035,2.195807612,10
*C(C*)c1c(cccc1)C,0.23889195,4.129346484,2.092169959,11
*C(C*)c1c(cccc1)CC,0.223756212,4.068682395,2.421444634,12
*C(C*)c1c(cccc1)COC,0.19732083,4.045335129,2.608225064,13
*C(C*)c1c(cccc1)COCC,0.211823768,3.977306734,2.400991369,14
*C(C*)c1c(cccc1)COCCC,0.22997739,3.899670256,2.624504195,15
*C(C*)c1c(cccc1)COC(C)C,0.220707828,3.998372025,2.599561713,15
*C(C*)c1c(cccc1)COCCCC,0.220379086,3.764940777,2.661642313,16
*C(C*)c1c(cccc1)COCCCCC,0.238571654,3.676521576,2.522406895,17
*C(C*)c1c(cccc1)COCCC(C)C,0.237360118,3.807796494,2.955328623,17
*C(C*)c1c(cccc1)COCc1ccccc1,0.204719244,3.349117609,2.36734915,19
*C(C*)c1c(cccc1)COCCc1ccccc1,0.206285623,3.355344331,2.595108535,20
*C(C*)c1c(cccc1)C(=O)NC,0.192915175,3.929106329,2.79211763,14
*C(C*)c1c(cccc1)C(=O)N(C)C,0.186909259,3.887618497,2.896475441,15
*C(C*)c1c(cccc1)C(=O)Nc1ccccc1,0.197508078,3.193131502,2.790596243,19
*C(C*)c1c(cccc1)C(=O)O,0.221643379,3.948216667,2.192039543,13
*C(C*)c1c(cccc1)C(=O)OC,0.193160544,3.837295398,2.089870635,14
*C(C*)c1c(cccc1)C(=O)OCC,0.216698631,3.711398666,2.190311028,15
*C(C*)c1c(cccc1)C(=O)OCCC,0.209516095,3.714071826,2.639670961,16
*C(C*)c1c(cccc1)C(=O)OC(C)C,0.208751466,3.790108434,2.467091064,16
*C(C*)c1c(cccc1)C(=O)OCCCC,0.225796643,3.610968998,2.624295737,17
*C(C*)c1c(cccc1)C(=O)OCC(C)C,0.203326994,3.732460288,2.38677197,17
*C(C*)c1c(cccc1)C(=O)OCCCCC,0.230202874,3.538396651,2.717138642,18
*C(C*)c1c(cccc1)C(=O)OCCC(C)C,0.218106694,3.666626503,3.041385899,18
*C(C*)c1c(cccc1)C(=O)OCCCCCC,0.238187774,3.485172624,2.83888191,19
*C(C*)c1c(cccc1)C(=O)Oc1ccccc1,0.192525654,3.321362271,2.351329457,19
*C(C*)c1c(cccc1)C(=O)OCCN(C)C,0.216260507,3.711714101,3.022018795,18
*C(C*)c1ccc(cc1)C(=O)OCCN(C)C,0.258067435,3.613787885,3.089843411,18
*C(C*)c1c(cccc1)OC,0.214975451,3.922949527,2.400737779,12
*C(C*)c1c(cccc1)Cl,0.155241408,4.163283407,2.294767218,11
*C(C*)c1c(cccc1)F,0.180059006,4.187324946,2.407295058,11
*C(C*)c1cc(ccc1)C,0.227224304,4.1790311,2.822879196,11
*C(C*)c1cc(ccc1)CC,0.230753147,4.076918758,2.866700886,12
*C(C*)c1cc(ccc1)c1ccc(cc1)c1ccccc1,0.222348269,3.04323388,3.140369224,22
*C(C*)c1cc(ccc1)Cl,0.141849652,4.203349561,2.331941777,11
*C(C*)c1cc(ccc1)F,0.165605561,4.224672638,2.29773731,11
*C(C*)c1ccc(cc1)C,0.207409376,4.077169561,2.314815286,11
*C(C*)c1ccc(cc1)CC,0.241331997,3.954191485,2.499433175,12
*C(C*)c1ccc(cc1)C(C)C,0.245006224,3.921450074,2.591048259,13
*C(C*)c1ccc(cc1)CCCC,0.246370764,3.688362355,3.197522049,14
*C(C*)c1ccc(cc1)C(C)(C)C,0.235879806,3.8964427,2.517668305,14
*C(C*)c1ccc(cc1)C(CC)C,0.23187009,4.1713254,2.837898017,14
*C(C*)c1ccc(cc1)CCCCCC,0.255178414,3.508642315,3.338917198,16
*C(C*)c1ccc(cc1)CCCCCCCC,0.284941701,3.391874153,3.338917198,18
*C(C*)c1ccc(cc1)CCCCCCCCC,0.276524365,3.348282784,3.338917198,19
*C(C*)c1ccc(cc1)CCCCCCCCCC,0.300936032,3.312533036,3.338917198,20
*C(C*)c1ccc(cc1)CCCCCCCCCCCC,0.302738789,3.260217637,3.338917198,22
*C(C*)c1ccc(cc1)CCCCCCCCCCCCCC,0.320037972,3.228118484,3.338917198,24
*C(C*)c1ccc(cc1)CCCCCCCCCCCCCCCC,0.337054547,3.211585483,3.338917198,26
*C(C*)c1ccc(cc1)CCCCCCCCCCCCCCCCCC,0.317277699,3.207331128,3.338917198,28
*C(C*)c1ccc(cc1)c1ccccc1,0.200955009,3.267400376,2.764095896,16
*C(C*)c1ccc(cc1)COCCOCC,0.249515883,3.669356191,2.726303917,17
*C(C*)c1ccc(cc1)C#N,0.174135805,4.208675402,2.256511188,12
*C(C*)c1ccc(cc1)Cl,0.150273069,4.1097311,2.229277029,11
*C(C*)c1ccc(cc1)Br,0.124850886,4.233529561,1.9896503,11
*C(C*)c1ccc(cc1)C(C(C(C(C(C(C(F)(F)F)(F)F)(F)F)(F)F)(F)F)(F)F)(F)F,0.116253947,4.065470177,3.240153251,32
*C(C*)c1ccc(cc1)C(=NO)C,0.262934975,4.150007138,2.430708832,14
*C(C*)c1ccc(cc1)C(O)(C)C,0.268025613,4.147099249,2.70351459,14
*C(C*)c1ccc(cc1)C(CC)(O)C,0.260987479,4.465240241,2.929858284,15
*C(C*)c1ccc(cc1)C(CCC)(O)C,0.266747745,4.356420123,2.80376597,16
*C(C*)c1ccc(cc1)C(CCCC)(O)C,0.262999518,4.220278286,2.964009867,17
*C(C*)c1ccc(cc1)C(CCCCC)(O)C,0.27418578,4.117727744,3.078427117,18
*C(C*)c1ccc(cc1)C(CCN(C)C)O,0.268210349,4.147510727,3.006730241,17
*C(C*)c1ccc(cc1)C(CCN1CCCCC1)O,0.250363552,3.827767897,3.321326325,20
*C(C*)c1ccc(cc1)C(CCN1CCOCC1)O,0.232670764,3.907315265,3.401291291,20
*C(C*)c1ccc(cc1)COC,0.228853851,3.901488975,2.722398882,13
*C(C*)c1ccc(cc1)COCCO,0.25859742,3.830512014,2.49077112,15
*C(C*)c1ccc(cc1)COCCC,0.237335127,3.756454871,2.638273194,15
*C(C*)c1ccc(cc1)COCCCC,0.260603141,3.631273085,2.624836095,16
*C(C*)c1ccc(cc1)COCCCCO,0.272183986,3.670348499,2.462797718,17
*C(C*)c1ccc(cc1)COC(CC)C,0.247595241,4.118770213,2.740969554,16
*C(C*)c1ccc(cc1)COCCCCCC,0.261210733,3.492090443,2.774107518,18
*C(C*)c1ccc(cc1)COCCOCCCC,0.2507784,3.556975091,2.855900213,19
*C(C*)c1ccc(cc1)C(=O)N(C)C,0.247926371,3.766025036,2.928614891,15
*C(C*)c1ccc(cc1)C(=O)N(CC)CC,0.241507546,3.620225171,2.89061844,17
*C(C*)c1ccc(cc1)C(=O)N1CCCCC1,0.235723579,3.382868723,2.771595819,18
*C(C*)c1ccc(cc1)C(=O)CCN1CCCCC1,0.245284571,3.443347611,2.659164001,20
*C(C*)c1ccc(cc1)C(=O)N1CCOCC1,0.22605657,3.486690443,3.184507886,18
*C(C*)c1ccc(cc1)C(=O)OC,0.223091355,3.7074039,2.257566943,14
*C(C*)c1ccc(cc1)C(=O)OCC,0.235563807,3.594364895,2.353676982,15
*C(C*)c1ccc(cc1)C(=O)OCCC,0.24176446,3.60501763,2.72642554,16
*C(C*)c1ccc(cc1)C(=O)OC(C)C,0.250453544,3.675620061,2.662490556,16
*C(C*)c1ccc(cc1)C(=O)OCCCC,0.261827286,3.508875708,2.741536662,17
*C(C*)c1ccc(cc1)C(=O)OCC(C)C,0.237523806,3.628147579,2.647282878,17
*C(C*)c1ccc(cc1)C(=O)OCCCCCC,0.258101979,3.394637065,3.0933926,19
*C(C*)c1ccc(cc1)C(=O)CC,0.244573024,3.872464628,1.996986651,14
*C(C*)c1ccc(cc1)C(=O)CCC,0.245764324,3.754210299,2.632143352,15
*C(C*)c1ccc(cc1)C(=O)CCCC,0.263241449,3.637911686,2.72809572,16
*C(C*)c1ccc(cc1)C(=O)CCCCC,0.258123945,3.53552219,2.687331465,17
*C(C*)c1ccc(cc1)C(=O)CCCCCCC,0.271736697,3.425952885,2.758666899,19
*C(C*)c1ccc(cc1)C(=O)Cc1ccccc1,0.219547247,3.251372527,2.472442757,19
*C(C*)c1ccc(cc1)C(=O)c1ccccc1,0.216592432,3.248916687,2.609731613,18
*C(C*)c1ccc(cc1)C(=O)c1ccc(cc1)C,0.242415832,3.260501797,2.71766328,19
*C(C*)c1ccc(cc1)F,0.163887726,4.121648023,2.230364835,11
*C(C*)c1ccc(cc1)I,0.097198673,4.4800511,2.229144347,11
*C(C*)c1ccc(cc1)N(C)C,0.270531824,4.033002601,2.485086921,13
*C(C*)c1ccc(cc1)OC,0.215501326,3.863511765,2.347030747,12
*C(C*)c1ccc(cc1)OCC,0.242464965,3.77177359,2.58838613,13
*C(C*)c1ccc(cc1)OCCC,0.243869844,3.702410876,2.795840951,14
*C(C*)c1ccc(cc1)OCCCC,0.246692673,3.583183442,2.875655505,15
*C(C*)c1ccc(cc1)OCCC(C)C,0.282457207,3.640218329,2.832148912,16
*C(C*)c1ccc(cc1)Oc1ccccc1,0.221253857,3.266120045,2.684559151,17
*C(C*)c1ccc(cc1)c1ccc(cc1)c1ccccc1,0.239465602,2.988485322,2.764095896,22
*C(C*)c1ccc(cc1)S(=O)(=O)OCCC,0.209057278,3.968868315,2.630317523,17
*C(C*)c1c(cccc1Cl)Cl,0.113806933,4.261052805,2.375184427,12
*C(C*)c1c(cc(cc1)C)C,0.214891697,4.129150882,2.405744469,12
*C(C*)c1c(cc(cc1)C(C)C)C(C)C,0.215437297,3.986670228,2.947158,16
*C(C*)c1c(cc(cc1)F)C,0.167659758,4.210951363,2.66678826,12
*C(C*)c1c(cc(cc1)Cl)C,0.163669069,4.19318069,2.514462643,12
*C(C*)c1c(cc(cc1)Cl)Cl,0.107893694,4.193777805,2.470472001,12
*C(C*)c1c(ccc(c1)C)C,0.194019925,4.132651363,2.553840964,12
*C(C*)c1c(ccc(c1)C(C)(C)C)C,0.211943136,4.007883527,2.783698565,15
*C(C*)c1c(ccc(c1)C(C)C)C(C)C,0.190254382,3.992155942,2.673435535,16
*C(C*)c1c(ccc(c1)Cl)Cl,0.112111131,4.209982132,2.561490435,12
*C(C*)c1c(ccc(c1)F)F,0.146382976,4.249335498,2.12656584,12
*C(C*)c1c(ccc(c1)C)F,0.195322638,4.19441819,2.363151301,12
*C(C*)c1c(ccc(c1)Br)OCCCC,0.15926394,3.784432315,2.397075466,16
*C(C*)c1c(ccc(c1)Br)OCC,0.139419841,3.974842361,2.183288741,14
*C(C*)c1c(ccc(c1)Br)OC,0.128686133,4.061929195,2.096859826,13
*C(C*)c1c(ccc(c1)Br)OCCC,0.138151779,3.908936002,2.473239692,15
*C(C*)c1c(ccc(c1)Br)OC(C)C,0.144697579,4.030805036,2.279720238,15
*C(C*)c1c(ccc(c1)Br)OCCCCC,0.161556934,3.692322517,2.45138414,17
*C(C*)c1c(ccc(c1)Br)OCCC(C)C,0.156760429,3.832950255,2.863136717,17
*C(C*)c1cc(cc(c1)C)C,0.239838224,4.24813694,2.583428823,12
*C(C*)c1cc(c(cc1)C)C,0.222441085,4.119692228,2.43987012,12
*C(C*)c1cc(c(cc1)Cl)C,0.152412214,4.227432613,2.644022307,12
*C(C*)c1cc(c(cc1)Cl)Cl,0.108557769,4.189658575,2.513574668,12
*C(C*)c1cc(c(cc1)Cl)F,0.121296834,4.293457132,2.514140111,12
*C(C*)c1c(cc(cc1C)C)C,0.232927166,4.203931509,2.406710412,13
*C(C*)c1c(cc(c(c1)C)C)C,0.249066929,4.186416124,2.704355036,13
*C(C*)c1c(c(c(c(c1F)F)F)F)F,0.111121575,4.552457242,2.763695551,15
*C(C*)(c1ccccc1)C,0.20669134,4.039212638,2.314657348,11
*C(C*)(c1ccc(cc1)C(C)C)C,0.22250314,3.86395663,2.736255714,14
*C(C(*)(F)F)(c1ccccc1)F,0.209551814,3.925420196,1.809397732,13
*C(C(*)(F)F)(c1c(c(c(c(c1F)F)F)F)F)F,0.109340544,4.260336535,2.129067633,18
*C(C*)c1c2c(ccc1)cccc2,0.183531473,3.591751349,2.59103347,14
*C(C*)c1ccc(cc1)C(=O)C,0.237084593,3.882471173,2.117206295,13
*C(C*)c1ccc(cc1)C(=O)CCN1CCOCC1,0.241083815,3.52289498,2.914520786,20
*C(C*)(C(=O)OC)c1ccccc1,0.174256665,3.923433049,2.175878352,14
*C(C*)(c1ccc(cc1)C)C,0.206248478,3.992861459,2.426621645,12
*C(C(*)c1ccccc1)[N+](=O)[O-],0.16724356,4.396950498,1.736667897,13
*C(C*)c1ccc(cc1)C(=O)C(F)(F)F,0.154440392,3.995251546,2.605984507,16
*C(C*)c1ccc(cc1)C(=O)c1ccc(cc1)OC,0.245710563,3.202997163,2.554756287,20
*C(C*)c1cc2c(cc1)cccc2,0.189317179,3.637128657,2.593717072,14
*C(C*)c1ccncc1,0.194624132,4.649238372,2.418390721,10
*C(C*)c1nc(ccc1)C,0.231875326,4.5346511,2.124443631,11
*C(C*)c1ccc(nc1)C,0.216347814,4.523463407,2.636301544,11
*C(C*)N1Nc2c(C1)cccc2,0.210041586,4.620823902,2.867826529,13
*C(C(C(C*)c1ncccc1)c1ccccc1)c1ncccc1,0.19889562,4.089378286,2.901175078,24
*C(C*)c1ccc(cc1)O,0.28470777,4.274232638,2.406268443,11
*C(C*)c1ccc(cc1)OC(=O)C,0.259585297,3.861347624,2.399095824,14
*C(C*)c1ccc(cc1)CCC,0.242985282,3.834319744,2.744205299,13
*C(C*)c1ccc(cc1)COCCCCCCOc1ccc(cc1)c1ccc(cc1)OC,0.265685462,3.136359982,3.247372029,33
*C(C*)c1ccc(cc1)COCC(CCCC)CC,0.26087891,3.90994495,2.946891387,20
*C(C*)c1ccc(cc1)COCCOCCCCCCCC,0.266343252,3.40654704,3.047789717,23
*C(C*)c1ccc(cc1)C(C(C(C(C(C(F)F)(F)F)(F)F)(F)F)(F)F)(F)F,0.115569094,4.209067978,3.385829128,28
*C(CC(C*)c1ccccc1)(C(=O)OC)C#N,0.199800698,4.380547524,2.419464185,18
*C(C*)c1cc(c(cc1)C(=O)O)C(=O)O,0.3080457,3.881495502,2.404252028,16
*C(C(*)(c1c(c(c(c(c1[2H])[2H])[2H])[2H])[2H])[2H])([2H])[2H],0.198937871,7.336055731,2.785828253,18
*C(C*)O,0.438737902,6.978688097,1.493341398,5
*C(C*)C=O,0.267165471,6.945298235,1.45264863,6
*C(C*)OC(=O)CCCCCCCCCCC,0.282501246,3.596417574,2.545197208,18
*C(C*)C(=O)C,0.26561373,6.098370096,1.597966639,7
*C(C*)C(=O)C(C)C,0.225007493,5.405763945,1.990156317,9
*C(C*)(C(=O)C)C,0.212146266,5.717939336,1.938267077,8
*C(C*)C#N,0.227307045,6.957049004,1.641652013,6
*C(C*)(C#N)C,0.201063991,6.378160142,1.759447849,7
*C(C*)c1ncccc1,0.184406433,4.54603013,2.239721153,10
*C(C*)n1c2ccccc2c2ccccc12,0.178401902,3.495918161,2.835422484,17
*C(C*)OC,0.262373678,6.710052081,1.576835999,6
*C(C*)OCC,0.24221035,6.003872811,1.682727578,7
*C(C*)OC(=O)C,0.258656205,5.586391401,1.877757533,8
*C(C*)OC(=O)CC,0.254353251,5.305917031,2.210544958,9
*C(C*)OC(=O)c1ccccc1,0.186373384,3.721692821,2.049346104,13
*C(C*)CCCCCCCCCO,0.330609059,3.994614426,2.591978351,14
*C(C*)CCN(C(C)C)C(C)C,0.274221978,4.671247716,3.128049967,13
*C(C*)CCCN(C(C)C)C(C)C,0.27772076,4.53656058,2.984180552,14
*C(C*)CCCN(CC(C)C)CC(C)C,0.258228983,4.255536162,3.539063754,16
*C(C*)O[N+](=O)[O-],0.243039162,6.172699863,1.738479144,8
*C=CC(C(*)C(=O)OC)C,0.242911397,5.524918227,2.242364907,11
*C#C/C(=C(*)\COS(=O)(=O)c1ccc(cc1)C)COS(=O)(=O)c1ccc(cc1)C,0.255175548,3.501503489,1.967030955,30
*C(C*)OC=O,0.235150652,6.579095888,1.664394062,7
*C(C*)OCc1ccccc1,0.205595119,3.861723365,2.021193735,12
*C(C*)OC(C)(C)C,0.226849329,5.485058351,1.921744176,9
*C(C(*)OCC(C)C)C,0.222144713,5.303431719,1.661767417,10
*C(C*)OC(C)C,0.241975026,5.797088324,1.431134197,8
*C(C*)(OC)C,0.207223659,6.194780051,1.838627922,7
*C(C*)OCC(C)(C)C,0.218243316,5.331501668,2.120872273,10
*C(C*)OC(CC)C,0.235279019,5.765753758,2.093383662,9
*C(C*)OC(=O)C(F)(F)F,0.160012719,5.072641869,2.11885576,11
*/C=C/C(C*)OC,0.250969245,6.28898283,2.06157118,8
*C=CCC(CC*)(C(=O)OC)C,0.249826128,5.28177721,2.371286488,13
*C(C*)CCc1c(cccc1)C,0.237337805,3.921254359,2.779502585,13
*C(C*)CCc1ccc(cc1)C,0.23781263,3.783712052,2.795368913,13
*C(C*)OCCCCCCCCCCCC,0.325984117,3.656808114,2.650368317,17
*C(C(*)OCCCC)C,0.2476222,5.037623057,1.858590733,10
*C(C(*)OC(C)(C)C)C,0.203928088,5.418314181,1.907809028,10
*C(C(*)OCC)C,0.227848602,5.812646221,1.515865383,8
*C(C(*)OC(C)C)C,0.223844824,5.668910584,1.736531255,9
*C(C(*)OC)C,0.217127213,6.351905505,1.641434332,7
*C(C(*)OCCC)C,0.232191511,5.463949745,1.977174733,9
*C(C*)Cc1c(ccc(c1)C)C,0.219339206,4.053787656,2.708661214,13
*C(C*)Cc1cc(c(cc1)C)C,0.220624848,3.973032931,2.932172107,13
*C(C*)Cc1cc(cc(c1)C)C,0.227538068,4.093371832,2.645625807,13
*C(C*)Cc1cc(ccc1)C,0.213029156,4.001113164,2.595391207,12
*C(C*)Cc1c(cccc1)C,0.211243073,4.00518729,2.450931713,12
*C(C*)Cc1ccc(cc1)C,0.20880675,3.880832045,2.622868022,12
*C(C(*)O)C,0.269690871,6.383767078,1.549197553,6
*C(C*)OC(=O)c1ccc(cc1)C(C)(C)C,0.245177434,3.63338196,2.440088343,17
*C(C*)C(=O)C(C)(C)C,0.222675631,5.164445515,2.326050448,10
*C(C*)C(=O)C1CCCCC1,0.219884069,4.311984492,2.437647472,12
*C(C*)C(=O)c1c(cccc1)O,0.225341707,4.07629359,2.102351593,13
*C=CC(C*)OC,0.240715701,6.28898283,1.961591924,8
*C(=CCC*)c1ccccc1,0.209330511,3.890217127,2.004806714,12
*C(O)C(*)O,0.503119958,6.524273587,1.42555481,6
*C(C*)OCC(CCCC)CC,0.250639578,4.772489839,2.832478469,13
*C(C*)SCCCC,0.231505378,5.279848386,1.963706094,9
*C(C*)OC1CCCCC1,0.209300741,4.537443854,2.351096697,11
*C(C*)SCC,0.212352519,6.32843435,1.957529269,7
*C(C(*)(F)F)(OC(C(C(C(F)(F)F)(F)F)(F)F)(F)F)F,0.09864473,4.412221094,2.037766671,21
*C(C(*)(F)F)(OC(C(F)(F)F)(F)F)F,0.104992442,4.867606739,2.525733067,15
*C(C(*)(F)F)(OC(F)(F)F)OC(F)(F)F,0.096025647,4.372628361,2.245803978,16
*C(C(*)(F)F)OC(F)(F)F,0.113432798,5.285000449,1.826825525,11
*C(C(*)F)(OC(F)(F)F)F,0.115882336,5.550520298,2.051355589,11
*C(C(*)(F)F)(OC(F)(F)F)F,0.11540703,5.082629797,1.768033137,12
*C(C*)OCC(CC)(C)C,0.235379261,5.330802308,2.551068225,11
*C(C*)SC,0.202535215,6.994858235,1.985185494,6
*C(C*)OCCC,0.240692237,5.553850962,2.419370757,8
*C(C*)(C(=O)C)F,0.210118729,5.776457555,2.21671308,8
*C(C*)C(=O)c1ccccc1,0.183250902,3.858325751,2.158174491,12
*C(C*)C(=O)c1cc(c(cc1)Br)OC,0.149327416,3.965416574,2.488393281,15
*C(C*)C(=O)c1ccc(cc1)C(C)(C)C,0.231159229,3.719805392,2.442354473,16
*C(C*)C(=O)c1ccc(cc1)Cl,0.143955688,3.843250953,2.178413807,13
*C(C*)C(=O)c1ccc(cc1)CC,0.231546443,3.737344385,2.663855884,14
*C(C*)C(=O)c1ccc(cc1)C(C)C,0.236631114,3.726148113,2.477756022,15
*C(C*)C(=O)c1ccc(cc1)OC,0.228482209,3.658596207,2.188614811,14
*C(C*)C(=O)c1cc(c(cc1)C)C,0.223876284,3.876612763,2.724992176,14
*C(C*)C(=O)c1ccc(cc1)CCC,0.233892305,3.655645946,2.799986795,15
*C(C*)C(=O)c1ccc(cc1)C,0.217537979,3.815341063,2.341465324,13
*C(C*)OC(=O)c1c(cccc1)OC(=O)C,0.217738726,3.699798415,2.384217484,17
*C(C*)OC(=O)c1ccc(cc1)OC(=O)C,0.24818347,3.611812128,2.508578189,17
*C(C*)OC(=O)CCCC(=O)c1ccccc1,0.238763693,3.525957266,2.252052702,18
*C(C*)OC(=O)c1cc(ccc1)Br,0.137957273,3.908435478,2.24753209,14
*C(C*)OC(=O)c1ccc(cc1)Br,0.139742427,3.816515236,2.069312277,14
*C(C*)OC(=O)c1ccc(cc1)OC(=O)CCC,0.25604142,3.552371837,2.838515425,19
*C(C*)OC(=O)c1c(cccc1)Cl,0.171958387,3.805143171,2.004424366,14
*C(C*)OC(=O)c1cc(ccc1)Cl,0.153320971,3.823256126,2.066267781,14
*C(C*)OC(=O)c1ccc(cc1)Cl,0.15531743,3.718779608,2.198984149,14
*C(C*)OC(=O)C1CCCCC1,0.215272882,4.135492821,2.028792513,13
*C(C*)OC(=O)CC1CCCCC1,0.222720187,4.122741053,2.527393281,14
*C(C*)OC(=O)CCCC1CCCCC1,0.244722191,3.889993085,2.616901214,16
*C(C*)OC(=O)c1ccc(cc1)OCC,0.229699129,3.517632665,2.547613731,16
*C(C*)OC(=O)c1ccc(cc1)CC,0.231673795,3.633914239,2.52969193,15
*C(C*)OC(=O)C(C(C(F)(F)F)(F)F)(F)F,0.124821014,4.617289353,2.188736479,17
*C(C*)OC(=O)C1(C(C(C(C(C1(F)F)(F)F)(F)F)(F)F)(F)F)F,0.099404761,5.184743567,2.382470668,24
*C(C*)NC(=O)OC(C)(C)C,0.240864603,4.469647709,1.756096196,12
*C(C*)OC(=O)C(C(C(C(C(C(C(C(C(F)(F)F)(F)F)(F)F)(F)F)(F)F)(F)F)(F)F)(F)F)(F)F,0.117620774,4.241333693,2.336462478,35
*C(C*)OC(=O)C(C(C(C(C(F)(F)F)(F)F)(F)F)(F)F)(F)F,0.117573176,4.40065683,2.336462478,23
*C(C*)OC(=O)C(C(C(C(C(C(C(F)(F)F)(F)F)(F)F)(F)F)(F)F)(F)F)(F)F,0.118403797,4.33189942,2.336462478,29
*C(C*)OC(=O)C(C(F)(F)F)(F)F,0.134381971,4.879042933,2.291239773,14
*C(C*)OC(=O)C(C(C(C(F)(F)F)(F)F)(F)F)(F)F,0.117895156,4.47567752,2.332636574,20
*C(C*)OC(=O)c1ccncc1,0.194295907,4.109865898,2.258440705,13
*C(C*)OC(=O)c1ccc(cc1)C(C)C,0.241150434,3.631763174,2.390457697,16
*C(C*)OC(=O)C(C(C)C)(C(C)C)C,0.212645982,4.947709786,2.340061748,15
*C(C*)OC(=O)c1c(cccc1)OC,0.216310624,3.656351762,2.369076168,15
*C(C*)OC(=O)c1cc(ccc1)OC,0.21828481,3.649864332,2.206905911,15
*C(C*)OC(=O)c1ccc(cc1)OC,0.222833617,3.560928122,2.225720157,15
*C(C*)OC(=O)c1c(cccc1)C,0.223566569,3.798566248,2.237447447,14
*C(C*)OC(=O)c1cc(ccc1)C,0.210139794,3.793443171,2.155090052,14
*C(C*)OC(=O)c1ccc(cc1)C,0.205615125,3.69307313,2.17194137,14
*C(C*)OC(=O)CC(c1ccccc1)(C)C,0.205542847,3.931917144,2.642100113,17
*C(C*)OC(=O)C(CCC)(C)C,0.219638957,4.748450513,2.86439284,13
*C(C*)OC(=O)C(C(CC)(C)C)(C)C,0.20834975,4.934350119,2.797336726,15
*C(C*)OC(=O)C(C(C(C)C)C)(C)C,0.21225308,5.131941343,2.660376799,15
*C(C*)OC(=O)C(CC(C)(C)C)(C)C,0.214976534,4.609496897,2.354629982,15
*C(C*)OC(=O)c1cnccc1,0.195169036,4.098504359,2.258963286,13
*C(C*)OC(=O)c1cc(ccc1)[N+](=O)[O-],0.196771713,3.78801219,2.241143895,16
*C(C*)OC(=O)CCCCCCC,0.270802383,3.959061389,2.545197208,14
*C(C*)OC(C(F)(F)F)(C(F)(F)F)F,0.105366502,4.963874651,2.240680462,15
*C(C*)OC(=O)CCl,0.218868603,5.576874222,1.93936562,9
*C(C*)C1=CC=CS1,0.196546556,4.94299754,2.160740777,9
*C(C*)OCCCl,0.187521218,6.005327885,2.225075117,8
*C(C*)OCCOC,0.251788875,5.180525309,2.281234034,9
*C(C*)OCC(F)(F)F,0.150868966,5.348537976,2.348216352,10
*C(C*)(CC(=O)OCCCCCCC)C(=O)OCCCCCCC,0.268835353,3.623210494,2.907005616,25
*C(C*)OC(=O)C1CCCC1,0.23014149,4.318345332,1.998059804,12
*C(C*)OC(=O)C1(CCCCC1)C,0.199836391,4.511133049,2.300227425,14
*C(C*)P(=O)(c1ccccc1)c1ccccc1,0.152952702,3.766293158,2.094909895,18
*C(C*)P(=O)(OCC)N(C)C,0.207524248,5.730037145,2.087773512,12
*C(C*)P(=O)(N(C)C)Oc1ccccc1,0.193867563,4.569586492,2.213018943,16
*C(C*)c1nc(nc(n1)C)C,0.263398106,5.033529728,2.501540349,12
*C(C*)OC(=O)CCCCCCCCC,0.286467814,3.744948749,2.545197208,16
*C(C*)OC(=O)CCCCC,0.259631398,4.274903286,2.417383257,12
*C1c2c(CC1*)cccc2,0.161666133,4.635708178,2.468062865,11
*C1C(=O)OC(=O)C1C(C*)OC,0.21637842,5.687979376,2.25919824,13
*C(C(C(C*)OC)C(=O)O)C(=O)O,0.302701509,5.317389585,2.462643902,14
*C(=CCCC*)c1ccc(cc1)OC,0.225130935,3.58706169,2.47027152,15
*C(=CCCC*)c1ccccc1,0.210673224,3.801965738,2.370371669,13
*C(=CCCC*)c1ccc(cc1)Cl,0.170800563,3.774280586,2.575535507,14
*C(C*)CNc1ccc(cc1)[N+](=O)[O-],0.252535899,3.883303732,2.225171942,15
*C(C*)CNc1ncc(cc1)[N+](=O)[O-],0.238277713,4.233388535,2.436172781,15
*C(C*)CNc1c(cc(cc1)[N+](=O)[O-])C,0.245603324,3.950337414,2.573091304,16
*C(C*)CNc1cc(c(cc1)[N+](=O)[O-])C(F)(F)F,0.206534587,3.997361553,2.891434179,19
*C(C*)CNc1c(cc(cc1)[N+](=O)[O-])[N+](=O)[O-],0.236441097,3.930110805,2.465355325,18
*C1C(CC(C1)C*)OC(=O)CCCCCCCCCCOc1ccc(cc1)c1ccc(cc1)C#N,0.268797476,4.004602305,4.135361336,36
*C1C(CC(C1)OC(=O)CCCCCCCCCCOc1ccc(cc1)c1ccc(cc1)C#N)CC*,0.2621942,4.060285617,4.325466094,37
*C(C*)N1CNCC1,0.239553034,5.628498463,2.987719511,9
*C(C*)OCCCCCCCCCCCCCCCCCC,0.364697261,3.365436379,2.650368317,23
*C(C*)OC(=O)c1ccc(cc1)C#N,0.188964216,3.838742756,2.372263796,15
*C(C*)OCC(CC(C)C)(C)C,0.254371124,5.003400164,2.613332939,13
*C(C(*)(F)F)(OC(C(F)F)F)F,0.143872872,5.690925259,2.5754827,13
*C(C*)C(=O)c1ccc(cc1)Br,0.12605159,3.94936392,1.95125496,13
*C(C*)OC(=O)CC1CCCC1,0.236625928,4.284604359,2.464452774,13
*C(C*)N1C(=O)CCC1,0.236040386,4.96253654,2.500617729,10
*C(C*)C(=O)O,0.351557632,6.012654259,1.712525158,7
*C(C*)C(=O)OC,0.249473618,5.463576017,1.858321851,8
*C(C*)C(=O)OCC,0.261966182,5.019819372,1.731992229,9
*C(C*)C(=O)OCCC,0.245170112,4.830725692,2.153847262,10
*C(C*)C(=O)OC(C)C,0.251403563,4.986610591,2.21771037,10
*C(C*)C(=O)OCCCC,0.255094023,4.513030728,2.461062195,11
*C(C*)C(=O)OCC(C)C,0.241958713,4.736644067,1.901331169,11
*C(C*)C(=O)OC(C)(C)C,0.228960032,4.714590587,2.045417639,11
*C(C*)C(=O)OCCCCCC,0.259092425,4.1081437,2.700456845,13
*C(C*)C(=O)OCCCCCCC,0.258296751,3.965601875,2.700456845,14
*C(C*)C(=O)OCCCCCCCC,0.283339543,3.848104107,2.700456845,15
*C(C*)C(=O)OCCCCCCCCCCCC,0.309141226,3.544598749,2.700456845,19
*C(C*)C(=O)OCCCCCCCCCCCCCC,0.313712263,3.457792845,2.700456845,21
*C(C*)C(=O)OCCCCCCCCCCCCCCCC,0.333661973,3.398669353,2.700456845,23
*C(C*)C(=O)OCCCCCCCCCCCCCCCCCC,0.332315444,3.360434914,2.700456845,25
*C(C*)C(=O)OCCCCCCCCCCCCCCCCCCCCCC,0.358016945,3.279730322,2.700456845,29
*C(C*)C(=O)OCC=C,0.263380595,5.172193148,2.030259418,10
*C(C*)C(=O)OC1C2(CCC(C1)C2(C)C)C,0.208176754,5.731196017,2.758872268,17
*C(C*)C(=O)OCC(F)(F)F,0.164710423,4.840087709,2.259168589,12
*C(C*)C(=O)OCC(C(F)(F)F)(F)F,0.143562058,4.725325587,2.362482237,15
*C(C*)C(=O)OC(C(F)(F)F)C(F)(F)F,0.132233355,4.766390008,2.319177607,16
*C(C*)C(=O)OC(C(F)(F)F)(C(F)(F)F)F,0.115357789,4.768050328,2.296777126,17
*C(C*)C(=O)OC(C(Cl)(F)F)(C(F)(F)F)F,0.108082679,5.192919276,2.398826118,17
*C(C*)C(=O)OC(C(Cl)(F)F)(C(Cl)(F)F)F,0.102567279,5.100651829,2.437617948,17
*C(C*)C(=O)OCC(C(F)C(F)(F)F)(F)F,0.149880398,5.064550957,2.676788954,17
*C(C*)C(=O)OCC(C(C(F)(F)F)(F)F)(F)F,0.134586462,4.543768147,2.260619059,18
*C(C*)(C(=O)OC)C,0.214253377,5.222390519,1.954460208,9
*C(C*)(C(=O)OCC)C,0.214601581,4.835133668,1.654836585,10
*CC(*)(C)C(=O)OCCC,0.217185653,4.682604506,2.256957029,11
*CC(*)(C)C(=O)OC(C)C,0.212297791,4.843529048,2.102664995,11
*C(C*)(C(=O)OCCCC)C,0.223797866,4.404151828,2.223153367,12
*CC(*)(C)C(=O)OC(C)CC,0.219748019,4.978370991,2.500648397,12
*CC(*)(C)C(=O)OCC(C)C,0.211663838,4.604421555,2.351313477,12
*CC(*)(C)C(=O)OC(C)(C)C,0.199032877,4.605592112,1.982669098,12
*CC(*)(C)C(=O)OCCCCCC,0.247136147,4.046460164,2.451969631,14
*CC(*)(C)C(=O)OCCCCCCCC,0.263447418,3.813968899,2.451969631,16
*CC(*)(C)C(=O)OCCCCCCCCCCCC,0.297503097,3.540160405,2.451969631,20
*CC(*)(C)C(=O)OC1CCCCC1,0.188801438,4.145139122,2.374137607,14
*CC(*)(C)C(=O)Oc1ccccc1,0.192736665,3.772101875,2.067404849,14
*CC(*)(C)C(=O)OCc1ccccc1,0.196260903,3.617015177,2.038416872,15
*CC(*)(C)C(=O)OCCBr,0.156664784,5.110529781,2.211202496,11
*CC(*)(C)C(=O)OCc1ccccc1Cl,0.165076796,3.742210401,2.313063453,16
*CC(*)(C)C(=O)OCCO,0.250973925,4.846542968,2.123711376,11
*CC(*)(C)C(=O)OCCN(C)C,0.241329136,4.48245331,2.508906369,13
*CC(*)C(N)=O,0.444629702,6.127520323,1.988213159,7
*CC(*)C(=O)NC(C)C,0.262015599,4.878294899,2.363715317,10
*CC(*)C(=O)OC(CC)CC,0.245278243,4.81019699,2.38418602,12
*CC(*)C(=O)OC1CCCCC1,0.215312167,4.215646667,2.202371784,13
*CC(*)C(=O)OCC(C)(C)C,0.235321696,4.792507709,2.194629621,12
*CC(*)C(=O)OCCC#N,0.249017898,4.999804203,2.107456608,11
*CC(*)C(=O)N1CCCCC1,0.224880389,4.148969108,2.223820704,12
*CC(*)C(=O)N1CCOCC1,0.212390136,4.309420856,2.39868076,12
*CC(*)C(=O)Oc1ccccc1,0.204691395,3.813915898,2.183130584,13
*CC(*)C(=O)Oc1ccc(OC)cc1,0.230448188,3.635129998,2.221102402,15
*CC(*)C(=O)Oc1ccccc1C(=O)OC,0.219785117,3.64802584,2.36158652,17
*CC(*)C(=O)Oc1ccccc1C(=O)OCC,0.218273906,3.564583175,2.42104397,18
*CC(*)C(=O)Oc1cccc(C(=O)OC)c1,0.234531676,3.635793064,2.093680184,17
*CC(*)C(=O)Oc1cccc(C(=O)OCC)c1,0.235991614,3.55590531,2.260591496,18
*CC(*)C(=O)Oc1ccc(C(=O)OC)cc1,0.246881391,3.55077768,2.503937176,17
*CC(*)C(=O)Oc1ccc(C(=O)OCC)cc1,0.254460099,3.476094949,2.599573121,18
*CC(*)C(=O)Oc1ccc(C(=O)OCCCC)cc1,0.269375988,3.434725719,3.283367483,20
*CC(*)C(=O)Oc1ccc(-c2ccccc2)cc1,0.225714507,3.221016117,3.035590574,19
*CC(*)C(=O)OCc1ccccc1,0.203084164,3.626775373,2.045129653,14
*CC(*)C(=O)OCCc1ccccc1,0.218359976,3.626917508,2.449288245,15
*CC(*)C(=O)Oc1cccc(N(C)C)c1,0.265857865,3.900236877,2.955698941,16
*CC(*)C(=O)Oc1ccc(C#N)cc1,0.217648606,3.912944633,2.529156243,15
*CC(*)C(=O)OCc1ccc(C#N)cc1,0.206123134,3.776074274,2.32107073,16
*CC(*)C(=O)Oc1ccc(Cl)cc1Cl,0.148391912,3.903427344,2.386188585,15
*CC(*)C(=O)Oc1c(Cl)c(Cl)c(Cl)c(Cl)c1Cl,0.103950173,4.368086724,2.173910081,18
*CC(*)C(=O)N(C)C,0.254840576,5.309671638,1.938986852,9
*CC(*)(C)C(=O)OCCOC,0.229867686,4.502959769,2.473601025,12
*CC(*)(C)C(=O)OCC(C)O,0.247322516,5.09968176,2.379876468,12
*CC(*)(C)C(=O)OCCC#N,0.215065114,4.859520563,2.166617551,12
*CC(*)(C)C(=O)OCCO[N+](=O)[O-],0.219332193,4.692868272,2.569282744,14
*CC(*)(C)C(=O)OCCS(=O)CC,0.23559466,5.226786938,2.440199551,14
*CC(*)(C)C(=O)Oc1ccc(CC#N)cc1,0.207428616,3.900660957,2.77726941,17
*CC(*)(C)C(=O)Oc1ccc(C(=O)OC)cc1,0.243504441,3.540021382,2.243027164,18
*CC(*)(CC)C(=O)OCC,0.205025977,4.847472638,2.019434421,11
*CC(*)(CC(=O)OCC)C(=O)OCC,0.226726356,4.232578202,1.85295291,15
*CC(*)(CC(=O)OCCCC)C(=O)OCCCC,0.23939117,3.930038892,2.499476943,19
*CC(*)(CC(=O)OC1CCCCC1)C(=O)OC1CCCCC1,0.173081052,3.833911483,2.773551054,23
*CC(*)(CC(=O)OCC1CCCCC1)C(=O)OCC1CCCCC1,0.205021412,3.769655065,2.834188714,25
*CC(*)(CC(=O)OCCC1CCCCC1)C(=O)OCCC1CCCCC1,0.217195568,3.766673588,2.883706876,27
*CC(*)(CC(=O)OCCCC1CCCCC1)C(=O)OCCCC1CCCCC1,0.238263021,3.713901449,3.24560821,29
*CC(*)(CC(=O)Oc1ccccc1)C(=O)Oc1ccccc1,0.188229452,3.398230536,2.25594021,23
*CC(*)(CC(=O)OCc1ccccc1)C(=O)OCc1ccccc1,0.203256306,3.280039464,2.15499973,25
*CC(*)(CC(=O)OCCc1ccccc1)C(=O)OCCc1ccccc1,0.202653643,3.352475786,2.521193912,27
*CC(*)(CC(=O)OCCCc1ccccc1)C(=O)OCCCc1ccccc1,0.210081521,3.331624156,2.937571144,29
*CC(*)(C)C(=O)Oc1ccc(C#N)cc1,0.199831364,3.877648326,2.429660644,16
*CC(*)(CC(=O)OC)C(=O)OC,0.211788328,4.609791772,2.380296998,13
*C(*)C(=O)OCC,0.225814865,4.275195253,1.446612923,8
*C(*)C(=O)OC,0.222112653,4.748019062,1.63566579,7
*C(*)C(=O)OCCC,0.244933508,4.097599914,1.859860786,9
*CC(*)(CC(=O)OCCC)C(=O)OCCC,0.225769616,4.164554268,2.420213892,17
*CC(*)C(=O)OCCO,0.297878745,5.007274804,2.158216817,10
*CC(*)(CCC(C)C(=O)OC)C(=O)OC,0.238137173,4.660217305,2.895854427,16
*CC(*)C(=O)OC1CCCCCCCCCCC1,0.245455632,4.002898675,2.202371784,19
*C(C*)Cl,0.142730624,7.135942642,1.417108751,5
*C(C*)(F)F,0.148188116,5.843684394,1.85435463,6
*CC(*)(Cl)Cl,0.096200541,6.157800371,1.483602824,6
*C(F)C(*)(F)F,0.14138687,5.82163435,1.487361632,7
*C(F)(F)C(F)(F)*,0.19501973,4.853723249,1.24120937,8
*C(C(*)(F)F)(Cl)F,0.119922243,5.483081989,1.334911134,8
*CCC=C(*)Cl,0.156164169,6.208915894,1.926935727,7
*C(F)(F)C(*)(F)C(F)(F)F,0.082200976,5.101892946,1.58212187,11
*/C(=C/CC*)C,0.304049871,6.04486974,2.0073573,7
*CC/C=C(\*)C,0.232021285,6.04486974,1.797224265,7
*CC/C=C(/*)Cl,0.170304562,6.208915894,2.027229309,7
*CC/C=C(\*)Cl,0.150572404,6.208915894,1.914663223,7
*CC(*)C=C,0.273513817,7.034292081,1.67757494,6
*CCC=C(*)C,0.231880959,6.04486974,1.937320885,7
*OCC*,0.228362211,6.934138441,1.822175729,5
*OC(C*)C,0.239033549,6.709885927,1.68301329,6
*CC(CCl)O*,0.164668029,6.498688196,1.738271376,7
*CCCCO*,0.280752907,5.63907136,2.66905341,7
*Oc1c(cc(cc1C)*)C,0.250026591,4.468543042,2.459662969,11
*Oc1c(OC)cc(*)cc1OC,0.240386045,3.920043706,1.956879941,13
*Oc1c(-c2ccccc2)cc(*)cc1-c1ccccc1,0.184951114,2.949735928,2.954260293,21
*C(=O)OCCOC(=O)c1ccc(*)o1,0.228261215,3.918786027,2.886619528,15
*CCOCCOC(=O)c1cccc(C(=O)O*)c1,0.215430956,3.248863457,2.799870794,19
*CCOc1ccc(C(=O)OCCOC(=O)c2ccc(O*)cc2)cc1,0.247366967,2.837547785,3.2427541,26
*CCCCOc1ccc(C(=O)OCCOC(=O)c2ccc(O*)cc2)cc1,0.250970317,2.841387929,3.627154099,28
*Oc1ccc(NC(=O)c2cccc(C(=O)Nc3ccc(*)cc3)c2)cc1,0.300233168,2.729224264,3.342915914,27
*Oc1ccc(cc1)S(=O)(=O)c1ccc(cc1)*,0.203838738,3.30668958,2.388606119,18
*Oc1ccc(cc1)S(=O)(=O)c1ccc(cc1)Oc1ccc(cc1)C(c1ccc(cc1)*)(C)C,0.210272564,3.035915227,3.285192529,34
*Oc1ccc(S(=O)(=O)c2ccc(Oc3ccc(Cc4ccc(*)cc4)cc3)cc2)cc1,0.211169803,2.88340288,3.405904267,32
*Oc1ccc(cc1)C(c1ccc(cc1)OCC(C*)O)(C)C,0.22967917,3.566106065,2.997097541,23
*CC1CC(*)OC(CCC)O1,0.253400518,5.704164486,2.813359617,12
*Oc1ccc(cc1)Oc1ccc(cc1)C(=O)c1ccc(cc1)*,0.28329363,2.861729794,2.971377658,24
*Oc1cccc(S(=O)(=O)c2ccc(*)cc2)c1,0.169806655,3.415282195,3.207795251,18
*Oc1ccc(S(=O)(=O)c2ccc(Oc3ccc(C(c4ccc(*)cc4)(C(F)(F)F)C(F)(F)F)cc3)cc2)cc1,0.162123893,3.260809032,3.544873635,40
*Oc1ccc(S(=O)(=O)c2ccc(Oc3c(C)cc(C(C)(C)c4cc(C)c(*)c(C)c4)cc3C)cc2)cc1,0.207453817,3.30701363,3.80663274,38
*Oc1ccc(S(=O)(=O)c2ccc(Oc3ccc(-c4ccc(*)cc4)cc3)cc2)cc1,0.234731231,2.800564558,3.205295566,31
*Oc1ccc(Oc2ccc(Oc3ccc(S(=O)(=O)c4ccc(*)cc4)cc3)cc2)cc1,0.229938844,2.723839339,2.704192384,32
*CCOCC(=O)O*,0.238989416,5.040476084,2.155222124,9
*CCOCCOC(=O)c1ccc(-c2ccc(C(=O)O*)cc2)cc1,0.253846443,2.878038235,3.150197955,25
*Oc1ccc(S(=O)(=O)c2ccc(Oc3ccc(C(=O)c4cccc(C(=O)c5ccc(*)cc5)c4)cc3)cc2)cc1,0.213575422,2.966076665,3.780777307,41
*CCCCCCOC(=O)Nc1ccc(C)c(NC(=O)OCCCCCCOc2ccc(-c3ccc(O*)cc3)cc2)c1,0.272492356,3.069806397,4.178635758,43
*CS*,0.14812712,7.725584585,1.743447602,4
*CCS*,0.22117529,7.087585779,2.144070364,5
*CCCSS*,0.150655425,6.155379862,2.790381754,7
*Sc1ccc(cc1)*,0.165856187,4.842239084,1.640430364,9
*Oc1ccc(Sc2ccc(OC(*)=O)cc2)cc1,0.215699363,3.183743815,2.511866732,19
*OC(=O)CCC(=O)OCC*,0.237840575,4.178423292,2.352841981,12
*CCCCOC(=O)CCC(=O)O*,0.239020305,3.85735265,2.444559822,14
*OC(=O)CCCCCCCCC(=O)OCC*,0.257154282,3.373735426,2.666764439,18
*CCCCCCOC(=O)CCCCCCCCC(=O)O*,0.281178878,3.188787377,2.838848148,22
*OC(=O)c1ccc(cc1)C(=O)OCC*,0.235166491,3.242235189,2.192222352,16
*OC(=O)c1cc(ccc1)C(=O)OCC*,0.200585896,3.341468056,2.470316474,16
*OC(=O)c1ccc(cc1)C(=O)OCCCC*,0.25637618,3.138478195,2.791153058,18
*CCCCCCOC(=O)c1ccc(C(=O)O*)cc1,0.254809517,3.039227334,3.033320041,20
*Oc1ccc(cc1)C(c1ccc(cc1)OC(=O)c1ccc(cc1)C(=O)*)(C)C,0.27751155,2.891741845,3.066278621,29
*Oc1ccc(cc1)C(c1ccc(cc1)OC(=O)c1cc(ccc1)C(=O)*)(C)C,0.244415588,2.943259793,3.075818323,29
*OC(=O)c1cc2c(cc1)ccc(c2)C(=O)OCC*,0.22543537,3.151010301,2.730253109,20
*OC(=O)c1cc2c(cc1)cc(cc2)C(=O)OCC*,0.225246348,3.117240521,2.807153714,20
*CCCCOC(=O)CCCCC(=O)O*,0.259346678,3.587904419,2.596134369,16
*Oc1ccc(C2(c3ccc(OC(=O)c4cccc(C(*)=O)c4)cc3)c3ccccc3-c3ccccc32)cc1,0.216708127,3.037454116,3.823380504,39
*CCOC(=O)c1cccc2c(C(=O)O*)cccc12,0.212331447,3.168399587,2.563259332,20
*CCOC(=O)c1ccc(C(=O)O*)c2ccccc12,0.211562934,3.173651235,2.54294213,20
*CCCCCC(=O)O*,0.249772695,4.449125777,2.355163566,10
*CCCOC(=O)c1ccc(C(=O)O*)cc1,0.241216197,3.190785076,2.637221462,17
*Oc1ccc(cc1)c1ccc(cc1)OC(=O)CCCCCC(=O)*,0.265574997,2.876883739,3.277381974,25
*Oc1ccc(-c2ccc(OC(=O)CCCCCCC(*)=O)cc2)cc1,0.283829933,2.866780009,3.277381974,26
*Oc1ccc(-c2ccc(OC(=O)CCCCCCCC(*)=O)cc2)cc1,0.286484859,2.860045243,3.277381974,27
*Oc1ccc(-c2ccc(OC(=O)CCCCCCCCC(*)=O)cc2)cc1,0.290122557,2.856321006,3.277381974,28
*Oc1ccc(-c2ccc(OC(=O)CCCCCCCCCC(*)=O)cc2)cc1,0.275167556,2.855299954,3.277381974,29
*Oc1c(cc(cc1)OC(=O)c1ccc(cc1)c1ccc(cc1)C(=O)*)C,0.362079429,2.76426665,3.447329563,27
*Oc1ccc(cc1)S(=O)(=O)c1ccc(cc1)OC(=O)c1ccc(cc1)C(=O)*,0.251101033,2.814058084,3.530368265,29
*Oc1ccc(-c2ccc(OC(=O)CCCCCCCCCCC(*)=O)cc2)cc1,0.274021583,2.856716967,3.277381974,30
*Oc1ccc(-c2ccc(OC(=O)CCCCCCCCCCCC(*)=O)cc2)cc1,0.299849025,2.860342079,3.277381974,31
*Oc1ccc(-c2ccc(OC(=O)CCCCCCCCCCCCC(*)=O)cc2)cc1,0.279614546,2.865974786,3.277381974,32
*CC1CCC(COC(=O)CCC(=O)O*)CC1,0.229884201,3.590970503,2.830753968,18
*OC(C)CC(*)=O,0.215459839,5.857789863,2.133687566,8
*OC(C)C(*)=O,0.210749746,5.979936612,1.929168268,7
*CC(C)(CCC)C(=O)O*,0.211231836,5.154347913,2.70025892,11
*OC(=O)c1ccc(cc1)c1ccc(cc1)C*,0.272842323,2.912253435,2.864676991,18
*CC1CCC(COC(=O)CCCCCCCCC(=O)O*)CC1,0.262542365,3.251278053,3.198186193,24
*OC(=O)c1ccc(cc1)C(=O)NCCNC(=O)c1ccc(cc1)C(=O)OCCCCCCCCCC*,0.259588395,2.87261436,3.924912951,38
*CCOC(=O)C1CCC(C(=O)O*)CC1,0.235244695,3.702814909,2.198541328,16
*OC(=O)c1ccc(cc1)c1ccc(cc1)C(=O)OCC*,0.256386682,2.835290603,2.917199222,22
*OC(=O)CCCCCNC(=O)CCCCC(=O)NCCCCCC(=O)OCCCCCC*,0.274848798,3.112041669,3.561922714,34
*CCCCCCOC(=O)CCCCCCCC(=O)O*,0.283677138,3.230493686,2.838848148,21
*CCCCCCOC(=O)c1ccc(-c2ccc(C(=O)O*)cc2)cc1,0.280572663,2.809026579,3.530399368,26
*CC(C)(C)COC(=O)CCC(=O)O*,0.228303005,4.020644361,2.295732528,15
*Oc1ccc(cc1)C(c1ccc(cc1)OC(=O)CCCCC(=O)*)(C)C,0.248641039,3.077624423,2.829576512,27
*CCCCCCOC(=O)c1ccc2cc(C(=O)O*)ccc2c1,0.255211674,3.016154071,3.355636815,24
*CCCCCOC(=O)c1ccc2cc(C(=O)O*)ccc2c1,0.227057601,3.040121075,3.355636815,23
*CCCCOC(=O)c1ccc2cc(C(=O)O*)ccc2c1,0.224493248,3.069527327,3.105284936,22
*CCCOC(=O)c1ccc2cc(C(=O)O*)ccc2c1,0.242269675,3.095071261,3.037825852,21
*CCCCNC(=O)CCCCC(=O)N*,0.292070546,3.481814559,2.644669949,16
*NC(=O)CCCCC*,0.291903519,4.403105264,2.519597094,10
*NC(=O)CCCCC(=O)NCCCCCC*,0.307882451,3.314842195,2.889918099,18
*NC(=O)CCCCCCCCC(=O)NCCCCCC*,0.308756347,3.113497799,2.889918099,22
*CCCCCCC(=O)N*,0.310631867,4.135697259,2.519597094,11
*NC(=O)CCCCCCC*,0.304778171,3.921800303,2.519597094,12
*CCCCCCCCNC(=O)CCCCCCCCC(=O)N*,0.269519554,3.056244795,2.889918099,24
*CCCCCCCCC(=O)N*,0.307321668,3.748143596,2.519597094,13
*CCCCCCCCCC(=O)N*,0.30774671,3.605531473,2.519597094,14
*NC(=O)CCCCCCCCCC*,0.318229487,3.487389163,2.519597094,15
*CCCCCCCCCCCC(=O)N*,0.324815751,3.388890014,2.519597094,16
*CCCCCCCCCCCCC(=O)N*,0.341259433,3.306409851,2.519597094,17
*NC(=O)c1ccc(cc1)CC(=O)NCCCCCC*,0.282521025,2.99386057,3.309091557,21
*NC(=O)c1cc(ccc1)C(=O)Nc1ccc(cc1)c1ccc(cc1)*,0.351335092,2.767272941,3.605636431,26
*CCCCCCNC(=O)c1cccc(C(=O)N*)c1,0.261246475,3.028402609,3.188192361,20
*NC(=O)c1ccc(cc1)CC(=O)NCCC*,0.265458671,3.11351358,2.904048023,18
*NC1CC(C)(C)CC(C)(CNC(=O)CCCCC(*)=O)C1,0.236903048,4.435689684,3.209060086,22
*Cc1cccc(CNC(=O)CCCCC(=O)N*)c1,0.254557959,3.079213048,3.393070473,20
*NC(=O)c1ccc(cc1)C(=O)Nc1ccc(cc1)*,0.472805266,2.915440246,2.817231962,20
*NC(=O)c1ccc(cc1)C(=O)Nc1ccc(cc1)c1ccc(cc1)*,0.576386159,2.715349864,3.312473425,26
*NC(=O)c1ccc(cc1)C(=O)NCCCCCC*,0.293312511,2.959789971,2.824449246,20
*CCCCCCCCCNC(=O)c1ccc(C(=O)N*)cc1,0.305511131,2.877959181,2.824449246,23
*S(=O)(=O)c1ccc(cc1)NC(=O)CCCCC(=O)Nc1ccc(cc1)*,0.241731039,2.87854627,2.468715415,27
*NC(=O)C*,0.375345394,6.046567471,1.587253429,6
*NC(CCC(=O)OC)C(*)=O,0.256652184,4.416238181,1.79842612,12
*C(=O)CCCCCCCCC(=O)N1CCN(*)CC1,0.32743928,3.323024037,3.097533951,20
*CCCC(=O)N*,0.294452199,5.16208855,2.169985549,8
*CCCCNC(=O)CCCCCCC(=O)N*,0.295312596,3.314842195,2.889918099,18
*CCCCNC(=O)CCCCCCCCC(=O)N*,0.301718016,3.196695191,2.889918099,20
*CCCCCCCCCCCNC(=O)CCCCC(=O)N*,0.299843971,3.08206214,2.889918099,23
*CCCCCCCCCCCCNC(=O)CCCCCCCCCCC(=O)N*,0.304591986,2.888482035,2.889918099,30
*NC(=O)c1ccc(cc1)c1ccc(cc1)C(=O)NCCCCCC*,0.289397059,2.748911818,3.523979337,26
*NC(=O)c1ccc(cc1)C(c1ccc(cc1)C(=O)NCCCCCC*)(C)C,0.257140127,2.947466631,3.012797476,29
*CCCCCCCCCCC(=O)N(*)C,0.308782805,3.475398126,2.549277828,16
*N(C(=O)CCCCC(=O)NCCCCCC*)C,0.259093819,3.319664328,3.19433457,19
*N(C(=O)CCCCC(=O)N(CCCCCC*)C)C,0.281252179,3.452892718,3.566662726,20
*N1C(CCC1)C(=O)*,0.222937579,5.163540694,2.181473256,9
*NC(C(=O)*)CCC(=O)OCc1ccccc1,0.218660431,3.446452651,1.808524743,18
*NC(C(=O)*)C,0.252148669,5.981736612,1.863732549,7
*NC1CCC(CC2CCC(NC(=O)CCCCCCCCCCCCC(*)=O)CC2)CC1,0.31314051,3.214223879,3.913213703,33
*NC(CCC(=O)OCCCCC)C(*)=O,0.259084812,3.871021493,2.555381998,16
*NC(CCC(=O)OCCCCCC)C(*)=O,0.271224405,3.779540221,2.668069883,17
*NC(CCC(=O)OCC)C(*)=O,0.256531849,4.20357721,1.969077895,13
*NC(CCC(=O)OCCC)C(*)=O,0.251335537,4.154452679,2.228235994,14
*N(C(=O)c1ccc(cc1)C(=O)N(CCCC*)C)C,0.243271486,3.215792718,2.902915305,20
*CCCCCCNC(=O)c1ccc(C2(C)CC(C)(C)c3ccc(C(=O)N*)cc32)cc1,0.232150722,3.759025228,4.102550521,32
*OC(=O)NCCCCC*,0.315674518,4.229712644,2.551450216,11
*OC(=O)NCCCCCCNC(=O)OCCCC*,0.309061654,3.362344642,3.113207045,20
*OC(=O)NCC(C(C(C(CNC(=O)OCCCC*)(F)F)(F)F)(F)F)(F)F,0.192064224,3.964136391,3.164852691,28
*OC(=O)Nc1ccc(cc1)Cc1ccc(cc1)NC(=O)OCCCCCC*,0.281163344,2.901114041,3.671580791,29
*OC(=O)Nc1ccc(cc1)Cc1ccc(cc1)NC(=O)OCc1cc(ccc1)C*,0.252292339,2.826454784,3.639055022,31
*OC(=O)Nc1ccc(cc1)NC(=O)OCC*,0.296677392,3.209251426,2.446621681,18
*OC(=O)Nc1cc(ccc1)NC(=O)OCC*,0.261495011,3.279271426,2.834038509,18
*OC(=O)Nc1ccc(cc1)NC(=O)OCCCCCC*,0.321009139,3.05613899,3.140526912,22
*OC(=O)Nc1ccc(cc1)c1ccc(cc1)NC(=O)OCC*,0.321865027,2.879966967,2.999884295,24
*OC(=O)Nc1c2c(ccc1)c(ccc2)NC(=O)OCC*,0.255175643,3.15298167,2.702308306,22
*NC(=O)NCCCCCC*,0.325494009,3.991815687,2.482129879,12
*NC(=O)NCc1ccc(cc1)CNC(=O)NCCCCCC*,0.292985918,3.001548415,3.4940665,24
*NC(=O)NCCCCCCNC(=O)Nc1ccc(cc1)Cc1ccc(cc1)*,0.291631414,2.983618768,3.863923983,29
*NC(=O)Nc1ccc(cc1)Cc1ccc(cc1)*,0.347852967,3.105387405,2.84111662,19
*C(CCCCNC(=O)NCCCCCCNC(=O)N*)C(=O)OC,0.302361161,3.709897451,2.853139871,25
*c1ccc(Oc2ccc(N3C(=O)c4cc5C(=O)N(*)C(=O)c5cc4C3=O)cc2)cc1,0.42519848,3.293570547,3.3051736,31
*c1ccc(Oc2ccc(Oc3ccc(N4C(=O)c5cc6C(=O)N(*)C(=O)c6cc5C4=O)cc3)cc2)cc1,0.343936522,3.111143481,3.3051736,38
*C(=O)Oc1ccc(OC(=O)c2ccc3c(c2)C(=O)N(c2ccc(Oc4ccc(N5C(=O)c6ccc(*)cc6C5=O)cc4)cc2)C3=O)cc1,0.351158377,3.221841323,4.149978272,49
*c1ccc(Sc2ccc(-n3c(=O)c4cc5c(=O)n(*)c(=O)c5cc4c3=O)cc2)cc1,0.277607792,3.449385932,3.401892784,31
*n1c(=O)c2cc3c(cc2c1=O)c(=O)n(c3=O)CCCCCCCCC*,0.291014208,3.423431193,3.226207594,27
*c1ccc(Oc2ccc(N3C(=O)c4ccc(Oc5ccc6c(c5)C(=O)N(*)C6=O)cc4C3=O)cc2)cc1,0.318102166,3.110500617,3.805323472,38
*c1ccc2c(c1)C(=O)N(c1ccc(Cc3ccc(N4C(=O)c5ccc(C(F)(F)C(F)(F)C(*)(F)F)cc5C4=O)cc3)cc1)C2=O,0.201372992,3.439918504,4.367314352,46
*c1cc2c(C(=O)N(C2=O)c2ccc(cc2)Oc2ccc(cc2)N2C(=O)c3c(C2=O)cc(cc3)C(C(C(*)(F)F)(F)F)(F)F)cc1,0.221414687,3.42837235,4.328404726,46
*c1ccc(Cc2ccc(-n3c(=O)c4cc5c(=O)n(*)c(=O)c5cc4c3=O)c(C)c2)cc1C,0.315176584,3.44561856,3.772495688,33
*c1ccc(-c2ccc(-n3c(=O)c4cc5c(=O)n(*)c(=O)c5cc4c3=O)c(C)c2)cc1C,0.581158989,3.410419784,3.894907482,32
*c1ccc(-c2ccc(-n3c(=O)c4cc5c(=O)n(*)c(=O)c5cc4c3=O)c(OC)c2)cc1OC,0.515087068,3.376698932,3.207823125,34
*c1cccc(N2C(=O)c3cc4C(=O)N(*)C(=O)c4cc3C2=O)c1,0.335322506,3.559560077,3.169651377,24
*c1ccc(-n2c(=O)c3cc4c(=O)n(*)c(=O)c4cc3c2=O)c(C)c1,0.618759937,3.603684042,3.156747602,25
*c1cccc(-n2c(=O)c3cc4c(=O)n(*)c(=O)c4cc3c2=O)c1C,0.347931798,3.578516621,3.316532854,25
*c1c(C)c(C)c(-n2c(=O)c3cc4c(=O)n(*)c(=O)c4cc3c2=O)c(C)c1C,0.514344047,3.729581557,2.968309002,28
*c1ccc(Oc2cccc(Oc3ccc(N4C(=O)c5cc6C(=O)N(*)C(=O)c6cc5C4=O)cc3)c2)cc1,0.289920789,3.252291283,3.585718606,38
*c1ccc(Oc2ccc(-c3ccc(Oc4ccc(-n5c(=O)c6cc7c(=O)n(*)c(=O)c7cc6c5=O)cc4)cc3)cc2)cc1,0.419114901,3.083649325,3.669150631,44
*c1cccc(Oc2ccc(S(=O)(=O)c3ccc(Oc4cccc(-n5c(=O)c6cc7c(=O)n(*)c(=O)c7cc6c5=O)c4)cc3)cc2)c1,0.218423483,3.377334741,4.268808468,47
*c1ccc(Oc2ccc(C(C)(C)c3ccc(Oc4ccc(N5C(=O)c6cc7C(=O)N(*)C(=O)c7cc6C5=O)cc4)cc3)cc2)cc1,0.291997587,3.301621558,3.626392259,47
*c1ccc(Oc2ccc(N3C(=O)c4ccc(-c5ccc6c(c5)C(=O)N(*)C6=O)cc4C3=O)cc2)cc1,0.349285387,3.146059362,4.066948194,37
*c1ccc(Oc2ccc(N3C(=O)c4ccc(-c5cccc6c5C(=O)N(*)C6=O)cc4C3=O)cc2)cc1,0.246678175,3.197436505,4.08332782,37
*N1C(=O)c2c(C1=O)cc(cc2)c1cc2c(C(=O)N(C2=O)c2ccc(cc2)Sc2ccc(cc2)*)cc1,0.266032562,3.275163538,3.958377334,37
*c1ccc(Cc2ccc(N3C(=O)c4ccc(-c5ccc6c(c5)C(=O)N(*)C6=O)cc4C3=O)cc2)cc1,0.310513378,3.159914747,4.098620885,37
*c1ccc2c(c1)Cc1cc(N3C(=O)c4ccc(-c5ccc6c(c5)C(=O)N(*)C6=O)cc4C3=O)ccc1-2,0.460950768,3.366306835,3.823556452,37
*N1C(=O)c2c(C1=O)cc(cc2)c1cc2c(C(=O)N(C2=O)c2ccc(cc2)c2ccc(cc2)*)cc1,0.509455585,3.044827225,3.856354973,36
*c1ccc(N2C(=O)c3ccc(-c4ccc5c(c4)C(=O)N(*)C5=O)cc3C2=O)cc1,0.481624413,3.208262494,3.756034905,30
*c1cccc(N2C(=O)c3ccc(-c4ccc5c(c4)C(=O)N(*)C5=O)cc3C2=O)c1,0.328084105,3.212149307,3.754148196,30
*c1ccc(C)c(N2C(=O)c3ccc(-c4ccc5c(c4)C(=O)N(*)C5=O)cc3C2=O)c1,0.275354427,3.265452899,3.803087094,31
*c1ccc(N2C(=O)c3ccc(-c4ccc5c(c4)C(=O)N(*)C5=O)cc3C2=O)c(C)c1,0.374689314,3.269719446,3.714671913,31
*c1cccc(N2C(=O)c3ccc(-c4ccc5c(c4)C(=O)N(*)C5=O)cc3C2=O)c1C,0.301425488,3.247518909,3.656765468,31
*c1ccc(-c2ccc(N3C(=O)c4ccc(-c5ccc6c(c5)C(=O)N(*)C6=O)cc4C3=O)c(C)c2)cc1C,0.46287727,3.233764916,3.876378921,38
*c1ccc(-c2ccc(N3C(=O)c4ccc(-c5ccc6c(c5)C(=O)N(*)C6=O)cc4C3=O)c(OC)c2)cc1OC,0.401240453,3.253552206,3.335723025,40
*c1ccc(-c2ccc(-c3ccc(N4C(=O)c5ccc(-c6ccc7c(c6)C(=O)N(*)C7=O)cc5C4=O)cc3)cc2)cc1,0.51076025,2.944517471,3.856354973,42
*c1cccc2c(N3C(=O)c4ccc(-c5ccc6c(c5)C(=O)N(*)C6=O)cc4C3=O)cccc12,0.315217824,3.199695035,3.508111207,34
*c1ccc(Cc2ccc(N3C(=O)c4ccc(-c5ccc6c(c5)C(=O)N(*)C6=O)cc4C3=O)c(C)c2)cc1C,0.279064652,3.297609104,4.138879469,39
*c1ccc(N2C(=O)c3ccc(-c4ccc5c(c4)C(=O)N(*)C5=O)cc3C2=O)nc1,0.482912726,3.34763722,3.747184127,30
*c1ccc(Oc2ccc(-c3ccc(Oc4ccc(N5C(=O)c6ccc(-c7ccc8c(c7)C(=O)N(*)C8=O)cc6C5=O)cc4)cc3)cc2)cc1,0.339042351,3.068756278,4.158967516,50
*N1C(=O)c2c(C1=O)cc(cc2)Oc1cc2c(C(=O)N(C2=O)CCCCCC*)cc1,0.218711009,3.192146674,3.380000069,31
*c1ccc(N2C(=O)c3ccc(Oc4ccc5c(c4)C(=O)N(*)C5=O)cc3C2=O)cc1,0.341065511,3.215758346,3.691989107,31
*N1C(=O)c2c(C1=O)cc(cc2)Oc1cc2c(C(=O)N(C2=O)c2ccc(cc2)c2ccc(cc2)*)cc1,0.314812658,3.146882219,4.122996193,37
*c1cccc(Oc2ccc(N3C(=O)c4ccc(Oc5ccc6c(c5)C(=O)N(*)C6=O)cc4C3=O)cc2)c1,0.248953031,3.179297505,3.886046292,38
*c1ccc(Oc2cccc(Oc3ccc(N4C(=O)c5ccc(Oc6ccc7c(c6)C(=O)N(*)C7=O)cc5C4=O)cc3)c2)cc1,0.239797409,3.151384514,3.937258573,45
*c1ccc(Oc2ccc(Oc3ccc(N4C(=O)c5ccc(Oc6ccc7c(c6)C(=O)N(*)C7=O)cc5C4=O)cc3)cc2)cc1,0.260809088,3.042445592,3.805323472,45
*c1cccc(Oc2ccc(N3C(=O)c4ccc(C(c5ccc6c(c5)C(=O)N(*)C6=O)(C(F)(F)F)C(F)(F)F)cc4C3=O)cc2)c1,0.170631828,3.60486423,4.381904535,46
*c1ccc(Oc2ccc(N3C(=O)c4ccc(C(c5ccc6c(c5)C(=O)N(*)C6=O)(C(F)(F)F)C(F)(F)F)cc4C3=O)cc2)cc1,0.205297018,3.563921801,3.923154407,46
*c1cc2c(C(=O)N(C2=O)c2cc(ccc2)C(=O)c2cc(ccc2)N2C(=O)c3c(C2=O)cc(cc3)C(=O)*)cc1,0.23166303,3.219407838,3.987168268,40
*c1cc2c(C(=O)N(C2=O)c2cc(ccc2)NC(=O)c2cc(ccc2)N2C(=O)c3c(C2=O)cc(cc3)C(=O)*)cc1,0.248247801,3.161191438,4.220102671,41
*C(=O)c1ccc2c(c1)C(=O)N(c1cccc(C(=O)Nc3ccc(N4C(=O)c5ccc(*)cc5C4=O)cc3)c1)C2=O,0.282680928,3.130153177,4.337920092,41
*C(=O)c1ccc2c(c1)C(=O)N(c1ccc(C(=O)Nc3cccc(N4C(=O)c5ccc(*)cc5C4=O)c3)cc1)C2=O,0.299190121,3.131406555,4.209737972,41
*C(=O)c1ccc2c(c1)C(=O)N(c1cccc(C(=O)N(C)c3ccc(N4C(=O)c5ccc(*)cc5C4=O)cc3)c1)C2=O,0.253404651,3.280234688,4.670167599,42
*c1cccc(N2C(=O)c3ccc(C(=O)c4ccc5c(c4)C(=O)N(*)C5=O)cc3C2=O)c1,0.246673488,3.234377818,3.259579484,32
*C(=O)c1ccc2c(c1)C(=O)N(c1ccc(C)c(N3C(=O)c4ccc(*)cc4C3=O)c1)C2=O,0.229606072,3.248698865,3.939732199,33
*C(=O)c1ccc2c(c1)C(=O)N(c1ccc(N3C(=O)c4ccc(*)cc4C3=O)c(C)c1)C2=O,0.27875452,3.235733691,3.796543371,33
*C(=O)c1ccc2c(c1)C(=O)N(c1cccc(N3C(=O)c4ccc(*)cc4C3=O)c1C)C2=O,0.256559347,3.282422618,3.826823801,33
*C(=O)c1ccc2c(c1)C(=O)N(c1c(C)c(C)c(N3C(=O)c4ccc(*)cc4C3=O)c(C)c1C)C2=O,0.259917753,3.575081931,3.066299263,36
*C(=O)c1ccc2c(c1)C(=O)N(c1ccc(-c3ccc(N4C(=O)c5ccc(*)cc5C4=O)c(C)c3)cc1C)C2=O,0.3105729,3.271240623,4.018528113,40
*C(=O)c1ccc2c(c1)C(=O)N(c1ccc(-c3ccc(N4C(=O)c5ccc(*)cc5C4=O)c(OC)c3)cc1OC)C2=O,0.299180817,3.28441812,3.820239975,42
*C(=O)c1ccc2c(c1)C(=O)N(c1ccc(-c3ccc(-c4ccc(N5C(=O)c6ccc(*)cc6C5=O)cc4)cc3)cc1)C2=O,0.373595654,2.990765875,3.806736187,44
*C(=O)c1ccc2c(c1)C(=O)N(c1ccc3c(c1)Cc1cc(N4C(=O)c5ccc(*)cc5C4=O)ccc1-3)C2=O,0.3325687,3.364727902,3.617183954,39
*c1ccc(Oc2ccc(N3C(=O)c4ccc(C(=O)c5ccc6c(c5)C(=O)N(*)C6=O)cc4C3=O)cc2)cc1,0.287757726,3.191818391,3.537933024,39
*C(=O)c1ccc2c(c1)C(=O)N(c1ccc(Sc3ccc(N4C(=O)c5ccc(*)cc5C4=O)cc3)cc1)C2=O,0.237456292,3.246898391,3.598921548,39
*C(=O)c1ccc2c(c1)C(=O)N(c1ccc(Cc3ccc(N4C(=O)c5ccc(*)cc5C4=O)cc3)cc1)C2=O,0.272615302,3.136888182,3.888748209,39
*C(=O)c1ccc2c(c1)C(=O)N(c1ccc(Cc3ccc(N4C(=O)c5ccc(*)cc5C4=O)c(C)c3)cc1C)C2=O,0.253414349,3.317636511,4.030861296,41
*C(=O)c1ccc2c(c1)C(=O)N(c1ccc(N3C(=O)c4ccc(*)cc4C3=O)nc1)C2=O,0.293057796,3.341189227,3.798253525,32
*C(=O)c1ccc2c(c1)C(=O)N(c1ccc(-c3ccc(N4C(=O)c5ccc(*)cc5C4=O)cc3)cc1)C2=O,0.374004427,3.063131557,3.806736187,38
*c1ccc(N2C(=O)c3ccc(C(=O)c4ccc5c(c4)C(=O)N(*)C5=O)cc3C2=O)cc1,0.31707915,3.230709366,3.348847852,32
*c1cc2c(C(=O)N(C2=O)c2cc(ccc2)OCCOCCOc2cc(ccc2)N2C(=O)c3c(C2=O)cc(cc3)C(=O)*)cc1,0.232989048,3.315869875,4.010211635,45
*c1cccc(N2C(=O)c3ccc(Oc4ccc(C(C)(C)c5ccc(Oc6ccc7c(c6)C(=O)N(*)C7=O)cc5)cc4)cc3C2=O)c1,0.234647472,3.349934944,3.95241206,47
*N1C(=O)c2c(C1=O)cc(cc2)Oc1ccc(cc1)S(=O)(=O)c1ccc(cc1)Oc1cc2c(C(=O)N(C2=O)c2cc(ccc2)*)cc1,0.222521804,3.287407616,4.309869971,47
*c1ccc2c(c1)C(=O)N(c1ccc(Cc3ccc(N4C(=O)c5ccc(C(*)(C(F)(F)F)C(F)(F)F)cc5C4=O)cc3)cc1)C2=O,0.197639356,3.439269482,4.004246047,46
*c1ccc2c(c1)C(=O)N(c1ccc(C(C)(C)c3ccc(N4C(=O)c5ccc(C(*)(C(F)(F)F)C(F)(F)F)cc5C4=O)cc3)cc1)C2=O,0.188288469,3.522223703,3.989226737,48
*C(=O)NCCNC(=O)c1ccc(N2C(=O)c3ccc(*)cc3C2=O)cc1,0.262578056,3.098628116,4.401016192,27
*c1cc2c(C(=O)N(C2=O)c2ccc(cc2)C(=O)NCCCCCCNC(=O)*)cc1,0.30396234,3.051683014,4.486465623,31
*C(=O)Nc1ccc(Cc2ccc(NC(=O)c3ccc(N4C(=O)c5ccc(*)cc5C4=O)cc3)cc2)cc1,0.335151924,2.924800069,4.345237653,38
*C(=O)NC1CCC(CC2CCC(NC(=O)c3ccc(N4C(=O)c5ccc(*)cc5C4=O)cc3)CC2)CC1,0.308291763,3.28020648,4.441589392,38
*c1cccc(N2C(=O)c3ccc(Oc4ccc5c(c4)C(=O)N(*)C5=O)cc3C2=O)c1,0.256393833,3.219511131,3.539354489,31
*N1C(=O)c2c(C1=O)cc(cc2)Oc1cc2c(C(=O)N(C2=O)c2ccc(cc2)Cc2ccc(cc2)*)cc1,0.279008786,3.180905198,3.866858931,38
*c1cccc(Oc2ccc(N3C(=O)c4ccc(-c5ccc6c(c5)C(=O)N(*)C6=O)cc4C3=O)cc2)c1,0.281444426,3.15826112,4.365574602,37
*C(=O)Nc1ccccc1NC(=O)c1ccc(N2C(=O)c3ccc(*)cc3C2=O)cc1,0.229940242,2.96919495,3.964160166,31
*C(=O)Nc1cccc(NC(=O)/C=C/c2cccc(N3C(=O)c4ccc(*)cc4C3=O)c2)c1,0.283388677,3.147674296,4.297027714,33
*C(=O)Nc1cccc(/C=C/C(=O)/C=C/c2cccc(NC(=O)c3ccc(N4C(=O)c5ccc(*)cc5C4=O)cc3)c2)c1,0.288072027,3.297106407,4.733552204,43
*c1ccc2c(c1)C(=O)N(c1ccc(Oc3ccc(N4C(=O)c5ccc(C(C)(C)CCCCC(*)(C)C)cc5C4=O)cc3)cc1)C2=O,0.234181621,3.43609786,4.36129486,47
*c1ccc(Oc2cccc3c(Oc4ccc(-n5c(=O)c6cc7c(=O)n(*)c(=O)c7cc6c5=O)cc4)cccc23)cc1,0.317593927,3.268556062,3.471495887,42
*N1C(=O)c2c(C1=O)cc(cc2)Oc1cc2c(C(=O)N(C2=O)c2ccc(cc2)Oc2c3c(ccc2)c(ccc3)Oc2ccc(cc2)*)cc1,0.272013483,3.263301137,4.192914853,49
*C(=O)c1ccc2c(c1)C(=O)N(c1ccc(Oc3cccc4c(Oc5ccc(N6C(=O)c7ccc(*)cc7C6=O)cc5)cccc34)cc1)C2=O,0.253248203,3.273357967,4.150355779,50
*c1ccc(N2C(=O)c3ccc(C(c4ccc5c(c4)C(=O)N(*)C5=O)(C(F)(F)F)C(F)(F)F)cc3C2=O)cc1,0.195860266,3.600651626,3.700106934,39
*c1ccc2c(c1)C(=O)N(c1c(C)cc(C)c(N3C(=O)c4ccc(C(*)(C(F)(F)F)C(F)(F)F)cc4C3=O)c1C)C2=O,0.150371313,3.81070128,3.807119752,42
*c1ccc2c(c1)C(=O)N(c1c(C)c(C)c(N3C(=O)c4ccc(C(*)(C(F)(F)F)C(F)(F)F)cc4C3=O)c(C)c1C)C2=O,0.16438311,3.808669477,3.327340293,43
*c1ccc(Oc2cc3ccccc3cc2Oc2ccc(N3C(=O)c4ccc(-c5ccc6c(c5)C(=O)N(*)C6=O)cc4C3=O)cc2)cc1,0.254618417,3.294481153,4.24722501,48
*c1ccc(Oc2cc3ccccc3cc2Oc2ccc(N3C(=O)c4ccc(Oc5ccc6c(c5)C(=O)N(*)C6=O)cc4C3=O)cc2)cc1,0.23259708,3.294090662,4.08947431,49
*C(=O)c1ccc2c(c1)C(=O)N(c1ccc(Oc3cc4ccccc4cc3Oc3ccc(N4C(=O)c5ccc(*)cc5C4=O)cc3)cc1)C2=O,0.240362753,3.303716869,3.970481041,50
*c1ccc(C(c2ccccc2)(c2ccc(-n3c(=O)c4cc5c(=O)n(*)c(=O)c5cc4c3=O)cc2)C(F)(F)F)cc1,0.242359788,3.983253198,3.578530035,41
*c1ccc(N2C(=O)c3ccc(-c4cccc5c4C(=O)N(*)C5=O)cc3C2=O)cc1,0.249325732,3.272483923,3.861607568,30
*CC1(C)CC(*)(C)C(=O)OC1=O,0.185992809,5.586864984,2.434162527,13
*OC(=O)OCCCCCC*,0.272889143,4.112256247,2.722940401,12
*OC(=O)OCC(C(C(C(C*)(F)F)(F)F)(F)F)(F)F,0.145276489,4.195066816,2.161465558,20
*Oc1ccc(cc1)C(c1ccc(cc1)OC(=O)*)(C)C,0.239631003,3.13200622,2.67189323,21
*Oc1ccc(C(C)(CCC)c2ccc(OC(*)=O)cc2)cc1,0.244337041,3.68925895,3.366995644,23
*Oc1ccc(C(C)(C)c2ccc(OC(*)=O)c(C)c2)cc1C,0.235991215,3.312540269,2.848698266,23
*Oc1c(Cl)cc(C(C)(C)c2cc(Cl)c(OC(*)=O)c(Cl)c2)cc1Cl,0.135267254,3.514363824,2.652953165,25
*Oc1c(Br)cc(C(C)(C)c2cc(Br)c(OC(*)=O)c(Br)c2)cc1Br,0.116199931,3.711841446,2.488636034,25
*Oc1ccc(C(C)(c2ccccc2)c2ccc(OC(*)=O)cc2)cc1,0.234250441,3.420965201,2.333558996,26
*Oc1ccc(C(CCC)(CCC)c2ccc(OC(*)=O)cc2)cc1,0.229886318,3.317005302,3.200200981,25
*Oc1ccc(cc1)C1(CCCC1)c1ccc(cc1)OC(=O)*,0.233473598,3.233057255,2.837733878,23
*Oc1ccc(C2(c3ccc(OC(*)=O)cc3)CCCCC2)cc1,0.218561417,3.195791332,2.855560499,24
*Oc1ccc(C2(c3ccc(OC(*)=O)c(C)c3)CCCCC2)cc1C,0.233405574,3.37883518,3.044244188,26
*Oc1ccc(cc1)C1(c2ccccc2c2ccccc12)c1ccc(cc1)OC(=O)*,0.207936405,2.999285242,3.216550518,31
*Oc1ccc(cc1)C(c1ccc(cc1)OC(=O)*)(c1ccccc1)c1ccccc1,0.211523164,2.883469211,2.629310272,31
*Oc1ccc(cc1)C(c1ccc(cc1)OC(=O)*)(C(F)(F)F)C(F)(F)F,0.16903023,3.371620193,2.787463495,27
*Oc1ccc(cc1)C(c1ccc(cc1)OC(=O)*)(c1ccccc1)C#N,0.214219488,3.64199167,2.600793934,27
*Oc1c(C)cc(C(C)(C)c2cc(C)c(OC(*)=O)c(C)c2)cc1C,0.212399138,3.488039348,2.527193613,25
*Oc1c(cc(cc1)C(c1ccc(cc1)C(c1cc(c(cc1)OC(=O)*)C)(C)C)(C)C)C,0.234165789,3.24983283,2.894064725,32
*Oc1cc(ccc1)CCCCCCCCCCc1cc(ccc1)OC(=O)*,0.235809342,2.885108399,3.427474987,28
*Oc1ccc(C(C)(C)c2ccc(OC(*)=O)c(C(C)C)c2)cc1C(C)C,0.230822589,3.38694327,2.879331224,27
*Oc1ccc(cc1)C(=O)CCCCCCCCC(=O)c1ccc(cc1)OC(=O)*,0.270982629,2.885337743,3.141912556,30
*Oc1ccc(cc1)S(=O)(=O)c1ccc(cc1)OC(=O)*,0.224611569,3.02351683,2.74334931,21
*OC(=O)OCc1ccc(cc1)C*,0.250103805,3.526469935,2.420750911,14
*Oc1ccc(C(=C(Cl)Cl)c2ccc(OC(*)=O)cc2)cc1,0.199949495,3.310275186,3.053403735,22
*Oc1ccc(cc1)OC(=O)Oc1ccc(cc1)c1ccc(cc1)OC(=O)*,0.329371007,2.808274525,2.857016095,28
*Oc1cc2c(cc1)ccc(c2)OC(=O)Oc1ccc(cc1)OC(=O)*,0.263470354,3.059641963,3.111209708,26
*Oc1c2c(ccc1)c(ccc2)OC(=O)Oc1ccc(cc1)OC(=O)*,0.241562638,3.01956109,2.968629567,26
*c1ccc(-c2nc3cc(-c4ccc5nc(-c6ccccc6)c(*)nc5c4)ccc3nc2-c2ccccc2)cc1,0.25797031,2.939774056,4.09267426,40
*c1ccc(-c2nc3cc(-c4ccc5nc(*)c(-c6ccccc6)nc5c4)ccc3nc2-c2ccccc2)cc1,0.300076156,2.939774056,4.09267426,40
*c1cccc(-c2nc3cc(-c4ccc5nc(*)c(-c6ccccc6)nc5c4)ccc3nc2-c2ccccc2)c1,0.231952429,3.011641765,3.975291244,40
*c1ccc(-c2nc3cc(-c4ccc5nc(*)c(-c6ccc7ccccc7c6)nc5c4)ccc3nc2-c2ccc3ccccc3c2)cc1,0.274147926,3.107966358,4.301704645,48
*c1cccc(-c2nc3cc(-c4ccc5nc(*)c(-c6ccc7ccccc7c6)nc5c4)ccc3nc2-c2ccc3ccccc3c2)c1,0.244614479,3.151976385,4.228807868,48
*N=P(*)(OCC(F)(F)F)OCC(F)(F)F,0.138820064,4.462724245,2.105224802,16
*Oc1ccc(C(=O)c2ccc(*)cc2)cc1,0.276789879,3.211811774,2.787866059,17
*CCCCCCS(*)(=O)=O,0.239977769,4.34158336,2.982414575,11
*OS(=O)(=O)c1ccc(*)cc1,0.186803621,4.178691561,1.789250398,12
*CCc1ccc(*)c(C)c1,0.255021494,4.26452649,2.866454114,11
*CCc1cc(C)c(*)cc1C,0.262219285,4.346883388,2.820928192,12
*CCc1ccc(*)c(Cl)c1,0.178005409,4.286984952,2.743024894,11
*c1ccc(C(Cl)(Cl)C(*)Cl)cc1,0.119776758,5.024181735,2.205863911,13
*C1CCC(*)C1,0.284922378,6.681745324,1.704795722,7
*C1C2CC(C)C(C2)C1*,0.171048226,6.820154374,2.580275855,10
*C1CC2CC1C(*)C2CCCC,0.241394354,6.231347834,3.334118078,13
*C1CC2CC1C(*)C2CCCCCC,0.261321169,5.843168675,3.804391408,15
*CC(*)(C)c1ccc2ccccc2c1,0.186141125,3.611113113,2.533708709,15
*CCC(c1ccccc1)C(*)c1ccccc1,0.202492274,3.76577237,2.29228728,18
*/C(Cl)=C(/*)c1ccccc1,0.185906754,3.61370649,1.680517568,11
*/C=C(/*)c1ccc(C#C)cc1,0.298685003,4.02976254,2.505362738,12
*/C=C(/*)c1cccc(C#C)c1,0.274746743,4.115507995,2.53422421,12
*/C=C/C(C(=O)OCc1ccc(Cl)cc1)C(*)C(=O)OCc1ccc(Cl)cc1,0.171830845,3.816768927,2.515738781,28
*/C=C(/*)c1ccc(-c2ccc(C#C)cc2)cc1,0.264801989,3.175514974,3.020953142,18
*CC(*)C(=O)OCC(C)O,0.280976264,5.249864381,2.005772376,11
*CC(*)(CC(=O)OCCCCCCCC)C(=O)OCCCCCCCC,0.275383563,3.577973648,2.907005616,27
*CC(*)(CC(=O)OCCCCCCCCC)C(=O)OCCCCCCCCC,0.27657995,3.549309873,2.907005616,29
*CC(*)C(=O)n1c2ccccc2c2ccccc21,0.185889246,3.493310989,2.719834365,19
*CC(*)C(=O)OC(OCC)C(F)(F)F,0.183494514,5.196422467,2.476622528,15
*CC(*)(C)C(=O)OC(OCC)C(F)(F)F,0.158540956,5.089209059,2.31761182,16
*CC(*)(CC(=O)Oc1ccc(OCCCCCCC)cc1)C(=O)Oc1ccc(OCCCCCCC)cc1,0.278660635,3.446974934,2.94185601,39
*CC(*)(C)C(=O)Oc1c(C)cccc1C,0.211223838,3.912438359,2.288314982,16
*CC(*)(C)C(=O)OCCCCCCN(C)c1ccc(/N=N/c2ccc(S(C)(=O)=O)cc2)cc1,0.239801416,3.750380399,3.827001685,34
*C([2H])([2H])C(*)(C(=O)OC([2H])([2H])[2H])C([2H])([2H])[2H],0.200554319,6.356707147,2.5803046,17
*C(*)C(=O)OC(C)C,0.218613254,4.261394441,1.686427089,9
*CC(*)(C)C(=O)Oc1c(C(C)C)cccc1C(C)C,0.201358713,3.890157624,2.657466374,20
*CC(*)(C)C(=O)OCC(=O)c1ccccc1,0.206062145,3.571263967,2.213021911,17
*CC(*)(C)C(=O)OCc1ccc(Cl)c(Cl)c1,0.142399015,3.75870196,2.411672278,17
*CC(*)(C)C(=O)OCc1cccc(Cl)c1,0.156695253,3.739325249,2.233341541,16
*CC(*)(C)C(=O)OCc1ccc(Cl)cc1,0.167641229,3.648233657,2.161163125,16
*CC(*)(C)C(=O)OCc1cccc(Cl)c1Cl,0.14256689,3.917458884,2.535606691,17
*CC(*)(C)C(=O)OCc1ccc(Cl)cc1Cl,0.134920498,3.801898884,2.402814352,17
*CC(*)(C)C(=O)OCc1cc(Cl)ccc1Cl,0.138323775,3.852363499,2.618645161,17
*CC(*)(C)C(=O)OCc1c(Cl)cccc1Cl,0.140187539,3.855428114,2.147406127,17
*CC(*)(C)C(=O)OCc1cc(Cl)cc(Cl)c1,0.129715026,3.900345037,2.176784169,17
*/C=C(/*)C(C)(C)C,0.284244599,5.328726144,1.870090662,8
*C1C(*)C2CC1C1C=CCC12,0.161458476,6.74773977,2.135393619,12
*/C(C)=C(/*)C(C)C,0.320934176,5.190723715,1.754350644,8
*OC1C(CO)OC(*)C(O)C1O,0.321583167,5.721527907,2.117642602,13
*Oc1cc(C)c(*)c(C)c1Br,0.179808547,4.512918733,2.367525208,12
*CCC(C)CO*,0.231649902,5.92867294,2.991336113,8
*Oc1ccc2[nH]c(-c3ccc4c(c3)-c3cc(-c5nc6cc(*)ccc6[nH]5)ccc3S4(=O)=O)nc2c1,0.242108846,3.649209624,4.993389435,36
*C1Oc2ccccc2C1*,0.154427579,4.700132992,2.11158162,11
*Oc1ccc2[nH]c(-c3ccc4sc5ccc(-c6nc7cc(*)ccc7[nH]6)cc5c4c3)nc2c1,0.241468326,3.461844323,4.578550702,34
*OC(F)(F)C(F)(F)C(*)(F)F,0.112134181,4.808676726,1.742468832,12
*c1ccc(Oc2ccc(C(=O)c3ccc(Oc4ccc(C5(*)OC(=O)c6ccccc65)cc4)cc3)cc2)cc1,0.249754092,3.529946429,3.348287774,40
*Oc1cccc(Oc2cccc(*)c2)c1C#N,0.192496388,3.522923118,2.932454882,18
*Oc1ccc(NC(=O)c2ccc(C(c3ccc(C(=O)O)c(C(=O)Nc4cc(*)ccc4N)c3)(C(F)(F)F)C(F)(F)F)cc2C(=O)O)c(N)c1,0.228404459,3.734884557,3.646617471,50
*c1ccc2c(c1)-c1nc3cc(Oc4ccc5c(c4)nc4n5C(=O)c5cc(C(*)(C(F)(F)F)C(F)(F)F)ccc5-4)ccc3n1C2=O,0.183522496,3.834144673,4.748494047,46
*Oc1ccc(S(=O)(=O)c2ccc(Oc3ccc(C(C)(C)c4ccc(*)cc4)cc3[N+](=O)[O-])cc2)cc1,0.20299693,3.207464308,3.815168592,37
*Oc1ccc(S(=O)(=O)c2ccc(Oc3ccc(C(C)(C)c4ccc(*)cc4)cc3)c([N+](=O)[O-])c2)cc1[N+](=O)[O-],0.200486029,3.350517361,3.658550373,40
*Oc1ccc(S(=O)(=O)c2ccc(Oc3c(C)cc(C(c4cc(C)c(*)c(C)c4)(C(F)(F)F)C(F)(F)F)cc3C)cc2)cc1,0.154355563,3.604559715,3.853065451,44
*CC(=C)COCC(=C)COC(=O)O*,0.245695552,4.681553503,2.466372783,15
*OC1C(COC(C)=O)OC(*)C(OC(C)=O)C1OC(C)=O,0.20138397,4.863317927,2.656117061,22
*Oc1ccc(SC(=O)Sc2ccc(*)cc2)cc1,0.187987361,3.930743815,2.250846559,19
*Oc1ccc(SC(=O)Oc2ccc(C(C)(C)c3ccc(OC(=O)Sc4ccc(*)cc4)cc3)cc2)cc1,0.202245531,3.572493847,2.894318164,38
*OC1C(CO)OC(*)C(N)C1O,0.348907876,5.879194875,2.465987938,13
*Oc1ccc(S(=O)(=O)c2ccc(Oc3ccc(C(=O)c4cc(Br)cc(C(=O)c5ccc(*)cc5)c4)cc3)cc2)cc1,0.179353601,3.109746059,3.86821822,42
*Oc1ccc(S(=O)(=O)c2ccc(Oc3ccc(C(=O)c4cc(I)cc(C(=O)c5ccc(*)cc5)c4)cc3)cc2)cc1,0.179849923,3.168639918,3.783014527,42
*Oc1ccc(S(=O)(=O)c2ccc(Oc3ccc(C(=O)c4cc(C(=O)c5ccc(*)cc5)cc(C(C)(C)C)c4)cc3)cc2)cc1,0.21459288,3.179583138,4.104299354,45
*Oc1ccc(C(c2ccc(Oc3ccc(C(=O)c4cccc(C(=O)c5ccc(*)cc5)c4)cc3)cc2)(C(F)(F)F)C(F)(F)F)cc1,0.179786563,3.287343578,3.913106871,47
*Oc1ccc(C(=O)Nc2cccc(C(O)Cc3ccc(NC(=O)c4ccc(*)cc4)cc3)c2)cc1,0.286060508,3.269164139,4.571016023,36
*C1(OC(C(C1(C(C(*)(F)F)(F)F)F)(F)F)(F)F)F,0.111266374,5.555869142,2.239212476,19
*Oc1ccc(Oc2ccc(C(=O)c3ccc(C(=O)c4ccc(*)cc4)c4ccccc34)cc2)cc1,0.231751558,2.885794776,3.439255832,36
*Oc1ccc2c(c1)nc1n2C(=O)c2ccc(-c3ccc4c(c3)C(=O)n3c-4nc4ccc(*)cc43)cc2-1,0.269836747,3.517302624,4.618888792,37
*Oc1ccc2c(c1)nc1c3cc4c(=O)n5c6cc(*)ccc6nc5c4cc3c(=O)n21,0.289671931,3.659605864,4.596045898,31
*c1ccc2c(c1)-c1nc3cc(Oc4ccc5nc6n(c5c4)C(=O)c4cc(C(*)(C(F)(F)F)C(F)(F)F)ccc4-6)ccc3n1C2=O,0.176963476,3.837106452,4.978925515,46
*c1ccc(*)s1,0.597038429,5.872313465,2.156312526,7
*c1ccc2c(c1)-c1cc(-c3nc4cc(-c5ccc6[nH]c(*)nc6c5)ccc4[nH]3)ccc1S2(=O)=O,0.266970833,3.652247193,4.715258237,35
*Cc1ccc2[nH]c(-c3ccc4c(c3)-c3cc(-c5nc6cc(*)ccc6[nH]5)ccc3S4(=O)=O)nc2c1,0.233716186,3.651443648,4.998305105,36
*c1ccc2sc3ccc(-c4nc5cc(-c6ccc7[nH]c(*)nc7c6)ccc5[nH]4)cc3c2c1,0.263202779,3.467230419,4.441193145,33
*Cc1ccc2[nH]c(-c3ccc4sc5ccc(-c6nc7cc(*)ccc7[nH]6)cc5c4c3)nc2c1,0.230983773,3.464167708,4.574283424,34
*c1cc(CCCC)c(*)s1,0.320117807,4.441480336,3.204201526,11
*Oc1ccc(C(C)(c2ccccc2)c2ccc(OC(=O)c3cccc(C(*)=O)c3)cc2)cc1,0.225378547,3.377387732,3.014632215,34
*Oc1ccc(C(c2ccccc2)(c2ccccc2)c2ccc(OC(=O)c3cccc(C(*)=O)c3)cc2)cc1,0.211413189,2.963291421,3.127064722,39
*Oc1ccc(C(C)(C)c2ccc(OC(=O)c3ccc(C(=O)c4ccc(C(*)=O)cc4)cc3)cc2)cc1,0.257727428,2.902047832,3.294786419,37
*CCCCCCCCOC(=O)c1cccc(C(=O)O*)c1,0.236431842,3.041692092,2.934417326,22
*c1cc(Br)c(OC(=O)c2ccc(C(=O)Oc3c(Br)cc(C4(*)OC(=O)c5ccccc54)cc3Br)cc2)c(Br)c1,0.155531081,3.995261366,3.389849691,40
*CCCCCCS(=O)(=O)c1ccc(/N=N/c2ccc(N(C)CCCCCC(=O)O*)cc2)cc1,0.249228862,3.405354622,4.099750885,35
*CCCS(=O)(=O)c1ccc(/N=N/c2ccc(N(CCCC)CC(=O)O*)cc2)cc1,0.225556948,3.449650123,4.16467546,31
*Oc1ccc(OC(=O)c2cc(OCCCCCCCCCCCC)c(C(*)=O)cc2OCCCCCCCCCCCC)cc1,0.305736886,3.123433169,3.903213399,46
*Oc1ccc2c(c1)C1(CC2(C)C)CC(C)(C)c2ccc(OC(=O)c3ccc(C(*)=O)cc3)cc21,0.202420703,4.363324011,3.885628242,35
*Oc1ccc2c(c1)C1(CC2(C)C)CC(C)(C)c2ccc(OC(=O)c3cccc(C(*)=O)c3)cc21,0.197787592,4.406344154,3.670918622,35
*CCOC(=O)NCC1(C)CC(NC(=O)O*)CC(C)(C)C1,0.237542815,4.628974951,3.269034632,22
*Oc1ccc(C(C)(C)c2ccc(OC(=O)c3ccccc3/C=C/c3ccc(/C=C/c4ccccc4C(*)=O)cc3)cc2)cc1,0.217293555,3.235922307,3.135862492,45
*Oc1ccc(C(C)(C)c2ccc(OC(=O)c3ccccc3/C=C/c3ccc(/C=C/c4ccccc4C(*)=O)cc3)c(C)c2)cc1C,0.219509175,3.382570877,3.350567358,47
*Oc1ccc(S(=O)(=O)c2ccc(OC(=O)c3ccccc3/C=C/c3ccc(/C=C/c4ccccc4C(*)=O)cc3)cc2)cc1,0.201310165,3.187144132,3.314098206,45
*Oc1cccc2c(OC(=O)c3ccccc3/C=C/c3ccc(/C=C/c4ccccc4C(*)=O)cc3)cccc12,0.220093628,3.121413518,3.121347041,40
*Oc1cccc2ccc(OC(=O)c3ccccc3/C=C/c3ccc(/C=C/c4ccccc4C(*)=O)cc3)cc12,0.204757868,3.132097735,3.608508766,40
*Oc1ccc2ccc(OC(=O)c3ccccc3/C=C/c3ccc(/C=C/c4ccccc4C(*)=O)cc3)cc2c1,0.227296374,3.144216701,3.156805622,40
*Oc1cccc(OC(=O)c2ccccc2/C=C/c2ccc(/C=C/c3ccccc3C(*)=O)cc2)c1,0.198989787,3.073779447,3.260877953,36
*Oc1ccccc1OC(=O)c1ccccc1/C=C/c1ccc(/C=C/c2ccccc2C(*)=O)cc1,0.222108797,3.04583418,2.786511597,36
*Oc1ccc(OC(=O)c2ccccc2/C=C/c2ccc(/C=C/c3ccccc3C(*)=O)cc2)cc1,0.235313014,3.03394779,2.905762426,36
*CCCCCCCCCCCCNC(=O)CCCCCCCCCCCCCCCCCCC(=O)N*,0.349800281,2.772974201,2.889918099,38
*Nc1ccc(NC(=O)c2cc(C(*)=O)c(C(=O)OCC)cc2C(=O)OCC)cc1,0.301681661,3.012842325,2.404537351,30
*Nc1cccc(C(O)Cc2ccc(NC(=O)c3ccc(C(*)=O)cc3)cc2)c1,0.295623458,3.215799512,3.993512595,29
*c1ccc2c(c1)-c1nc3cc(-c4ccc5nc6n(c5c4)C(=O)c4cc(C(*)(C(F)(F)F)C(F)(F)F)ccc4-6)ccc3n1C2=O,0.18416099,3.823159116,4.997762902,45
*CC(C)CNC(=O)O*,0.257436252,5.223610307,2.731986195,10
*c1ccc(Oc2cccc(Oc3ccc(N4C(=O)c5ccc(-c6ccc7c(c6)C(=O)N(*)C7=O)cc5C4=O)cc3)c2)cc1,0.282900087,3.190290622,4.474446795,44
*c1cccc(N2C(=O)c3ccc(C(c4ccc5c(c4)C(=O)N(*)C5=O)(C(F)(F)F)C(F)(F)F)cc3C2=O)c1,0.17288835,3.621744106,3.666728472,39
*c1ccc2c(c1)C(=O)N(c1cccc(S(=O)(=O)c3cccc(N4C(=O)c5ccc(C(*)(C(F)(F)F)C(F)(F)F)cc5C4=O)c3)c1)C2=O,0.150446539,3.638028742,4.227069741,48
*c1cc2c(C(=O)N(C2=O)c2ccc(cc2)Oc2ccc(cc2)NC(=O)*)cc1,0.329475891,2.96277524,3.869124335,29
*c1ccc(S(=O)(=O)c2ccc(N3C(=O)c4cc5C(=O)N(*)C(=O)c5cc4C3=O)cc2)cc1,0.29081044,3.378011291,3.602510532,33
*c1cccc(Oc2ccc(N3C(=O)c4cc5C(=O)N(*)C(=O)c5cc4C3=O)cc2)c1,0.262134449,3.308296807,3.791165743,31
*c1ccc(-c2ccc(N3C(=O)c4ccc(-c5ccc6c(c5)C(=O)N(*)C6=O)cc4C3=O)cc2C(F)(F)F)c(C(F)(F)F)c1,0.281094364,3.474829625,4.171479153,44
*c1ccc2c(c1)C(=O)N(c1ccc3c(c1)-c1cc(N4C(=O)c5ccc(C(*)(C(F)(F)F)C(F)(F)F)cc5C4=O)ccc1C3)C2=O,0.174130825,3.690954768,3.829949035,46
*C(=O)Nc1ccc(NC(=O)c2ccc(N3C(=O)c4ccc(*)cc4C3=O)cc2)cc1,0.439609719,2.897834738,3.915944417,31
*c1cccc(Oc2cccc(Oc3cccc(-n4c(=O)c5cc6c(=O)n(*)c(=O)c6cc5c4=O)c3)c2)c1,0.22483537,3.303375898,3.63729194,38
*c1ccc(Oc2cccc(Oc3ccc(N4C(=O)c5ccc(C(=O)c6ccc7c(c6)C(=O)N(*)C7=O)cc5C4=O)cc3)c2)cc1,0.243353052,3.279600192,4.064080553,46
*c1ccc(Oc2ccc(S(=O)(=O)c3ccc(Oc4ccc(N5C(=O)c6cc7C(=O)N(*)C(=O)c7cc6C5=O)cc4)cc3)cc2)cc1,0.257046515,3.236782682,3.85093683,47
*c1ccc(-c2ccc(-n3c(=O)c4cc5c(=O)n(*)c(=O)c5cc4c3=O)cc2C(F)(F)F)c(C(F)(F)F)c1,0.382911128,3.642474428,4.031692902,38
*c1ccc(S(=O)(=O)c2ccc(N3C(=O)c4ccc(-c5ccc6c(c5)C(=O)N(*)C6=O)cc4C3=O)cc2)cc1,0.280663141,3.223713019,4.025478062,39
*CCCCCCN1C(=O)c2ccc(C(c3ccc4c(c3)C(=O)N(*)C4=O)(C(F)(F)F)C(F)(F)F)cc2C1=O,0.16334633,3.599070699,3.242069099,39
*c1ccc2c(c1)C(=O)N(c1c(C)cc(Cc3cc(C)c(N4C(=O)c5ccc(C(*)(C(F)(F)F)C(F)(F)F)cc5C4=O)c(C)c3)cc1C)C2=O,0.164469188,3.798954487,3.844417314,50
*c1ccc2c(c1)C(=O)N(c1cc(N3C(=O)c4ccc(C(*)(C(F)(F)F)C(F)(F)F)cc4C3=O)ccc1C)C2=O,0.153779126,3.584545254,4.486027978,40
*c1ccc(S(=O)(=O)c2ccc(N3C(=O)c4ccc(C(c5ccc6c(c5)C(=O)N(*)C6=O)(C(F)(F)F)C(F)(F)F)cc4C3=O)cc2)cc1,0.166991738,3.639060504,4.389813495,48
*c1ccc(S(=O)(=O)c2ccc(N3C(=O)c4ccc(C(=O)c5ccc6c(c5)C(=O)N(*)C6=O)cc4C3=O)cc2)cc1,0.255148124,3.287507766,4.028084903,41
*c1ccc(-c2ccc(-n3c(=O)c4cc5c(=O)n(*)c(=O)c5cc4c3=O)cc2OC(F)(F)F)c(OC(F)(F)F)c1,0.342393297,3.7348751,4.081546703,40
*C1CCC(N2C(=O)c3ccc(-c4ccc5c(c4)C(=O)N(*)C5=O)cc3C2=O)CC1,0.322479304,3.350338868,3.512423683,30
*c1cc(C(c2ccc(O)c(-n3c(=O)c4cc5c(=O)n(*)c(=O)c5cc4c3=O)c2)(C(F)(F)F)C(F)(F)F)ccc1O,0.188839787,3.873575623,3.337169941,41
*c1ccc(C(C)(C)c2ccc(N3C(=O)c4ccc(Oc5ccc6c(c5)C(=O)N(*)C6=O)cc4C3=O)cc2)cc1,0.27785637,3.319191629,3.948237757,40
*c1ccc(S(=O)(=O)c2ccc(N3C(=O)c4ccc(Oc5ccc6c(c5)C(=O)N(*)C6=O)cc4C3=O)cc2)cc1,0.249871544,3.263009624,4.17708969,40
*C(=O)Nc1cccc(NC(=O)c2ccc(N3C(=O)c4ccc(*)cc4C3=O)cc2)c1,0.316497691,2.938076117,4.207497879,31
*C(=O)c1ccc2c(c1)C(=O)N(c1ccc(C(=O)Nc3ccc(N4C(=O)c5ccc(*)cc5C4=O)cc3)cc1)C2=O,0.331274593,3.100368294,3.851455671,41
*c1cccc(Oc2ccc(N3C(=O)c4ccc(C(=O)c5ccc6c(c5)C(=O)N(*)C6=O)cc4C3=O)cc2)c1,0.264017299,3.203465524,3.990220077,39
*c1ccc(-c2sc(-c3ccc(-n4c(=O)c5cc6c(=O)n(*)c(=O)c6cc5c4=O)cc3)c(-c3ccccc3)c2-c2ccccc2)cc1,0.352891485,3.383557585,4.350872702,47
*c1ccc(Oc2c(C)cc(Cc3cc(C)c(Oc4ccc(-n5c(=O)c6cc7c(=O)n(*)c(=O)c7cc6c5=O)cc4)c(C)c3)cc2C)cc1,0.252482603,3.545515707,3.867173727,49
*/C=C/C1CC(*)C2C(=O)N(CCCCC)C(=O)C12,0.236932175,4.980631376,3.787587229,19
*/C=C/C1CC(*)C2C(=O)N(CCCCCC)C(=O)C12,0.232246101,4.883589787,4.028507493,20
*c1cccc(P(=O)(c2cccc(-n3c(=O)c4cc5c(=O)n(*)c(=O)c5cc4c3=O)c2)c2cc(C(F)(F)F)cc(C(F)(F)F)c2)c1,0.163382142,4.402371099,3.88197756,46
*c1cccc(P(=O)(c2ccc(C(F)(F)F)cc2)c2cccc(-n3c(=O)c4cc5c(=O)n(*)c(=O)c5cc4c3=O)c2)c1,0.18075284,4.232409652,4.028165704,42
*c1cccc(P(=O)(c2ccccc2)c2cccc(-n3c(=O)c4cc5c(=O)n(*)c(=O)c5cc4c3=O)c2)c1,0.201453995,4.111813445,3.572463009,38
*C(=O)Nc1cccc(C#Cc2cccc(N3C(=O)c4ccc(*)cc4C3=O)c2)c1,0.254775725,3.251661363,3.937245362,30
*c1ccc(Oc2ccccc2Oc2ccc(-n3c(=O)c4cc5c(=O)n(*)c(=O)c5cc4c3=O)cc2)cc1,0.27636764,3.247405386,3.567262858,38
*c1ccc(Oc2ccc(Oc3ccc(-n4c(=O)c5cc6c(=O)n(*)c(=O)c6cc5c4=O)cc3)cc2C(C)(C)C)cc1,0.299962523,3.419439422,4.066467537,42
*c1ccc(Oc2ccc(Oc3ccc(-n4c(=O)c5cc6c(=O)n(*)c(=O)c6cc5c4=O)cc3)cc2-c2ccccc2)cc1,0.30983122,3.304220963,4.188747687,44
*c1ccc(Oc2cc(C(C)(C)C)ccc2Oc2ccc(-n3c(=O)c4cc5c(=O)n(*)c(=O)c5cc4c3=O)cc2)cc1,0.278141719,3.423503327,3.689345032,42
*c1ccc(Oc2ccc(Oc3ccc(N4C(=O)c5ccc(-c6ccc7c(c6)C(=O)N(*)C7=O)cc5C4=O)cc3)cc2)cc1,0.295398373,3.067707573,4.066948194,44
*c1ccc(Oc2ccccc2Oc2ccc(N3C(=O)c4ccc(-c5ccc6c(c5)C(=O)N(*)C6=O)cc4C3=O)cc2)cc1,0.29151673,3.18610271,4.353128004,44
*c1ccc(Oc2ccc(Oc3ccc(N4C(=O)c5ccc(-c6ccc7c(c6)C(=O)N(*)C7=O)cc5C4=O)cc3)c(C(C)(C)C)c2)cc1,0.30392846,3.389245792,4.674162188,48
*c1ccc(Oc2ccc(Oc3ccc(N4C(=O)c5ccc(-c6ccc7c(c6)C(=O)N(*)C7=O)cc5C4=O)cc3)c(-c3ccccc3)c2)cc1,0.316411554,3.299139528,4.842549743,50
*c1ccc(Oc2cc(C(C)(C)C)ccc2Oc2ccc(N3C(=O)c4ccc(-c5ccc6c(c5)C(=O)N(*)C6=O)cc4C3=O)cc2)cc1,0.288457547,3.392767844,4.155489115,48
*C(=O)c1ccc2c(c1)C(=O)N(c1cc(C(c3ccc(O)c(N4C(=O)c5ccc(*)cc5C4=O)c3)(C(F)(F)F)C(F)(F)F)ccc1O)C2=O,0.189395669,3.806693911,3.571459552,49
*c1ccc(Oc2ccc3ccc(Oc4ccc(-n5c(=O)c6cc7c(=O)n(*)c(=O)c7cc6c5=O)cc4)cc3c2)cc1,0.289863471,3.262095341,3.778871657,42
*c1cccc(P(=O)(c2ccccc2)c2cccc(-n3c(=O)c4c(-c5ccccc5)c5c(=O)n(*)c(=O)c5c(-c5ccccc5)c4c3=O)c2)c1,0.177458779,4.110030642,4.379602767,50
*c1ccc(Oc2ccc(N3C(=O)c4cccc(Oc5cccc6c5C(=O)N(*)C6=O)c4C3=O)cc2)cc1,0.222053496,3.284214172,3.941782543,38
*c1ccc(Oc2ccc(N3C(=O)c4ccc(Oc5cccc6c5C(=O)N(*)C6=O)cc4C3=O)cc2)cc1,0.249143763,3.217755198,4.329385357,38
*c1ccc(Oc2ccc(Oc3ccc(N4C(=O)c5cccc(Oc6cccc7c6C(=O)N(*)C7=O)c5C4=O)cc3)cc2)cc1,0.228924168,3.249754161,3.941782543,45
*c1ccc(Oc2ccc(Oc3ccc(N4C(=O)c5ccc(Oc6cccc7c6C(=O)N(*)C7=O)cc5C4=O)cc3)cc2)cc1,0.255200829,3.258561305,4.329385357,45
*c1ccc(Oc2ccc(N3C(=O)C4CCC5C(=O)N(*)C(=O)C5C4C3=O)cc2)cc1,0.263432532,4.389636707,3.490827178,31
*c1ccc(Cc2ccc(N3C(=O)C4CCC5C(=O)N(*)C(=O)C5C4C3=O)c(C)c2)cc1C,0.238258763,4.542374999,3.941201383,33
*c1ccc(Oc2ccc(Oc3ccc(N4C(=O)C5CCC6C(=O)N(*)C(=O)C6C5C4=O)cc3)cc2)cc1,0.274145489,4.301243152,3.490827178,38
*c1ccc(Oc2ccc(C(C)(C)c3ccc(Oc4ccc(N5C(=O)C6CCC7C(=O)N(*)C(=O)C7C6C5=O)cc4)cc3)cc2)cc1,0.252650625,4.450084852,3.751899792,47
*C(=O)c1ccc2c(c1)C(=O)N(c1c(C)cc(Cc3cc(C)c(N4C(=O)c5ccc(*)cc5C4=O)c(C)c3)cc1C)C2=O,0.220094916,3.526378274,3.721164307,43
*C(=O)c1ccc2c(c1)C(=O)N(c1c(CC)cc(Cc3cc(CC)c(N4C(=O)c5ccc(*)cc5C4=O)c(CC)c3)cc1CC)C2=O,0.222803856,3.711871325,3.803175207,47
*c1ccc(N2C(=O)c3ccc(Oc4ccc(C(C)(C)c5cccc(Oc6ccc7c(c6)C(=O)N(*)C7=O)c5)cc4)cc3C2=O)cc1,0.254037201,3.393767523,4.17890252,47
*CCCCCCCCCCN1C(=O)C2C3C=CC(C4C(=O)N(*)C(=O)C34)C2C1=O,0.255867446,5.533767232,3.15634548,30
*C1CCC(CC2CCC(N3C(=O)C4C5C=CC(C6C(=O)N(*)C(=O)C56)C4C3=O)CC2)CC1,0.232731371,5.783789846,3.58120692,33
*C1CCC(CC2CCC(N3C(=O)C4C5C=CC(C6C(=O)N(*)C(=O)C56)C4C3=O)C(C)C2)CC1C,0.2249129,6.394659665,4.148972637,35
*c1cc(C(c2ccc(O)c(N3C(=O)c4ccc(Oc5ccc6c(c5)C(=O)N(*)C6=O)cc4C3=O)c2)(C(F)(F)F)C(F)(F)F)ccc1O,0.190410767,3.773489658,3.920080738,48
*c1ccc(C(C)(C)c2ccc(C(C)(C)c3ccc(N4C(=O)c5ccc(Oc6ccc7c(c6)C(=O)N(*)C7=O)cc5C4=O)cc3)cc2)cc1,0.25056238,3.397617347,3.948237757,49
*c1ccc(Sc2ccc(Sc3ccc(Sc4ccc(-n5c(=O)c6cc7c(=O)n(*)c(=O)c7cc6c5=O)cc4)cc3)cc2)cc1,0.209987039,3.348138784,3.401892784,45
*c1ccc(Sc2ccc3c(c2)Sc2ccc(Sc4ccc(-n5c(=O)c6cc7c(=O)n(*)c(=O)c7cc6c5=O)cc4)cc2S3)cc1,0.199953659,3.807604794,4.367877868,46
*C(=O)Oc1ccc(OC(=O)c2ccc3c(c2)C(=O)N(C2CCC(N4C(=O)c5ccc(*)cc5C4=O)CC2)C3=O)cc1,0.321091285,3.35442516,3.799017812,42
*c1ccc(C(=O)Oc2ccc(-n3c(=O)c4cc5c(=O)n(*)c(=O)c5cc4c3=O)cc2)cc1,0.402981581,3.296730845,3.599014989,33
*c1ccc(C(=O)Oc2ccc(N3C(=O)c4ccc(-c5ccc6c(c5)C(=O)N(*)C6=O)cc4C3=O)cc2)cc1,0.370940579,3.176704685,4.178730544,39
*c1ccc(C(=O)Nc2ccc(-n3c(=O)c4cc5c(=O)n(*)c(=O)c5cc4c3=O)cc2)cc1,0.501051728,3.221788537,3.907285334,33
*c1cc(C(c2ccc(O)c(N3C(=O)c4ccc(-c5ccc6c(c5)C(=O)N(*)C6=O)cc4C3=O)c2)(C(F)(F)F)C(F)(F)F)ccc1O,0.203289189,3.754978362,3.832315018,47
*c1cccc(N2C(=O)c3ccc(-c4cccc5c4C(=O)N(*)C5=O)cc3C2=O)c1,0.220725294,3.276370736,3.906512489,30
*c1ccc(-c2ccc(N3C(=O)c4ccc(-c5cccc6c5C(=O)N(*)C6=O)cc4C3=O)c(C)c2)cc1C,0.252551567,3.303120002,4.146501519,38
*c1ccc(-c2ccc(N3C(=O)c4ccc(-c5cccc6c5C(=O)N(*)C6=O)cc4C3=O)cc2C)c(C)c1,0.246966336,3.337747143,4.586778507,38
*c1ccc(-c2ccc(N3C(=O)c4ccc(-c5cccc6c5C(=O)N(*)C6=O)cc4C3=O)cc2C(F)(F)F)c(C(F)(F)F)c1,0.181127226,3.56867371,4.426352604,44
*c1ccc(Oc2cccc(N3C(=O)c4ccc(-c5cccc6c5C(=O)N(*)C6=O)cc4C3=O)c2)cc1,0.21550438,3.235003098,4.305512607,37
*c1ccc(Oc2ccc(Oc3ccc(N4C(=O)c5ccc(-c6cccc7c6C(=O)N(*)C7=O)cc5C4=O)cc3)cc2)cc1,0.253562737,3.230479205,4.08332782,44
*c1ccc(Oc2cccc(Oc3ccc(N4C(=O)c5ccc(-c6cccc7c6C(=O)N(*)C7=O)cc5C4=O)cc3)c2)cc1,0.215328534,3.265311073,4.390035454,44
*c1cccc(Oc2cccc(Oc3cccc(N4C(=O)c5ccc(-c6cccc7c6C(=O)N(*)C7=O)cc5C4=O)c3)c2)c1,0.194879024,3.306784699,4.293894078,44
*OC(C)COC(*)=O,0.216197061,5.541927734,1.695269251,9
*Oc1ccc2c(c1)C1(CC2(C)C)CC(C)(C)c2ccc(OC(*)=O)cc21,0.198892107,4.628438549,3.377425844,27
*Oc1ccc(C(C)(C)c2ccc(OC(*)=O)c(CC)c2)cc1CC,0.235507852,3.367173408,2.956755909,25
*Oc1ccc(C(C)(CCC#N)c2ccc(OC(*)=O)cc2)cc1,0.239792442,3.849506254,2.96298452,24
*Oc1ccc(C(C)(CCC#N)c2ccc(OC(*)=O)c(C)c2)cc1C,0.219626724,4.01616853,3.144297881,26
*Oc1ccc(C(CCC)(CCC)c2ccc(OC(*)=O)c(C)c2)cc1C,0.239908747,3.455410369,3.117299472,27
*Oc1ccc(C(CCCC)(CCCC)c2ccc(OC(*)=O)cc2)cc1,0.236778552,3.235841144,3.250545123,27
*CCCCCCCCCSC(=O)S*,0.228700961,4.013750701,2.168503634,15
*CCCCCCCCCCCCSC(=O)S*,0.246707796,3.670648005,2.168503634,18
*Sc1ccc(Cc2ccc(SC(*)=O)cc2)cc1,0.180050455,3.2265592,2.643126185,19
*Oc1ccc(C(C)(C)c2ccc(OC(=O)SCCCSC(*)=O)cc2)cc1,0.187002547,3.520870267,3.277202713,28
*Oc1ccc(C(C)(C)c2ccc(OC(=O)SCCCCCCSC(*)=O)cc2)cc1,0.197531069,3.451585401,3.331743354,31
*Oc1ccc(C(C)(C)c2ccc(OC(=O)Sc3ccc(C(C)(C)c4ccc(SC(*)=O)cc4)cc3)cc2)cc1,0.182529356,3.397509601,2.963956931,40
*C1NC(CC1)*,0.263630423,6.817619818,1.669963238,7
*Nc1ccc(cc1)*,0.383186404,4.635493853,1.948342429,9
*c1ccc(Cc2ccc(N(*)Cc3ccccc3)cc2)cc1,0.238998014,2.963763654,2.533689278,23
*Cc1cc(C(C)(C)c2ccc3c(c2)CN(C)CO3)cc(CN(*)C)c1O,0.206550984,3.799326378,4.406643736,27
*c1ccc(C(c2ccc(-c3nc4cc(-c5ccc6nc(*)[nH]c6c5)ccc4[nH]3)cc2)(C(F)(F)F)C(F)(F)F)cc1,0.239875739,3.601488294,4.506264292,41
*c1ccc(C(c2ccc(-c3nc4ccc(-c5ccc6nc(*)[nH]c6c5)cc4[nH]3)cc2)(C(F)(F)F)C(F)(F)F)cc1,0.248861231,3.587132843,4.312179006,41
*c1cccc(S(=O)(=O)NCCCCCCNS(*)(=O)=O)c1,0.20809775,3.338991049,3.424678394,22
*c1ccc(S(*)(=O)=O)cc1,0.199092642,4.255679912,1.334821902,11
*Cc1cc(*)c(O)cc1C,0.226688307,4.575082034,2.556295948,11
