smiles,BM,SA,SC,atom_count
*CC*,2689138059.0,7.580215354,1.541755759,4
*C(C*)C,2969571310.0,6.81263495,1.298382123,5
*C(C*)CC,2500329090.0,6.583313619,2.46203475,6
*C(C*)CCC,2469748496.0,5.862972811,2.361664522,7
*C(C*)C(C)C,2309333121.0,6.026353807,2.428457495,7
*C(C*)CCCC,2337311246.0,5.310989423,2.138163687,8
*C(C*)CC(C)C,2395293933.0,5.514917555,2.405758025,8
*C(C*)CCCCC,2202142028.0,4.877386847,2.379733478,9
*C(C*)CCC(CC)C,2434337805.0,5.319046134,3.146004649,10
*C(C*)CCCCCCC,2258374812.0,4.325837253,2.625512585,11
*C(C*)CCCCCCCC,2299148523.0,4.13254673,2.625512585,12
*C(C*)(C)C,4100197687.0,5.67263114,2.169541085,6
*C(C*)(CC)C,3280112964.0,6.091137517,2.115967574,7
*C(CC*)(C)C,3627698508.0,5.701351188,2.139989948,7
*C(C(C*)C)(C)C,2914481841.0,5.757218689,2.753943943,8
*C(CCC*)(C)C,3327693368.0,5.447604484,2.36285521,8
*C(CCC*)(CC)C,3127212765.0,5.732799974,2.702136861,9
*C(CCCCCCC*)C,2534166723.0,4.578686484,3.179751684,11
*C(C*)C1CC1,2410150327.0,5.953357427,2.530275784,7
*C(C*)C1CCC1,2798250965.0,5.417308105,2.446673519,8
*C(C*)C1CCCC1,3043772220.0,4.903314463,2.692107056,9
*C(C*)CC1CCCC1,2825329841.0,4.648575734,2.64475463,10
*C(C*)C1CCCCC1,2412054197.0,4.589071888,2.591818349,10
*C(C*)CC1CCCCC1,2896569303.0,4.394489015,2.666891126,11
*C(C*)Cc1ccccc1,3331812645.0,3.903142613,2.326159966,11
*C(C*)CCc1ccccc1,3247849786.0,3.794186714,2.495479859,12
*C(C*)C(c1ccccc1)C,2087252798.0,4.228320641,2.810324067,12
*C1CC(CC1)C*,3629336490.0,6.140448249,2.463623404,8
*C(C*)CCCCCC,2197677004.0,4.568059617,2.625512585,10
*C(C*)CCCCCCCCCC,2347855392.0,3.847980106,2.625512585,14
*C(C*)CCCCCCCCCCCC,2422366735.0,3.654586931,2.625512585,16
*C(C*)CCCCCCCCCCCCCCCC,2408168304.0,3.392241727,2.625512585,20
*C(C*)C(CC)C,2064184270.0,5.794196221,2.404102141,8
*C(C*)C(CC)CC,2072691360.0,5.318240108,2.450312168,9
*C(C*)CC(CC)CC,2437618884.0,5.110226284,2.73643617,10
*C(C*)CC(CC)C,2479480810.0,5.56160125,2.94979398,9
*C(C*)CC(C)(C)C,2463685193.0,5.428949959,2.292885725,9
*C(C*)CC(CC)(C)C,2991183895.0,5.339405053,2.889647449,10
*C(C*)CCCC(C)(C)C,2508826213.0,4.930653407,2.708449022,11
*C(C*)CCC1CCCCC1,3305700153.0,4.256131058,2.867603257,12
*C(C*)CCCC1CCCCC1,3218477325.0,4.141720784,3.080399286,13
*C1(CCC(CC1)C)C*,3003702215.0,4.718736033,2.721719687,10
*C(C*)(CCC)C,2589319935.0,5.571811401,2.587337735,8
*/C=C/CC*,1948824104.0,6.665661318,2.261726228,6
*/C=C\CC*,2224065487.0,6.665661318,1.932853367,6
*C=CCC*,1889092598.0,6.665661318,1.900867094,6
*C(C)C(C)*,2479554982.0,6.24326057,1.214402587,6
*C(C(CC*)C)C,2997521163.0,6.095059298,2.480514178,8
*C1C(CCC1)CC*,3095424335.0,5.788741745,2.854253131,9
*C=CCCCCCCCC*,2144171695.0,4.090953779,2.718664765,12
*C(C*)CCCCCCCCCCCCCCCCCCCC,2468480320.0,3.161566396,2.625512585,24
*/C=C/CCCCCCCCCC*,2398372181.0,3.758462509,2.618285623,14
*C(C*)CCCCCCCCCCCCCC,2482987436.0,3.520648814,2.625512585,18
*C=CCCCCCC*,2282436457.0,4.589623762,2.718664765,10
*/C=C/CCC*,1741803474.0,5.921314275,2.483230145,7
*C(C*)C(C)(C)C,2559884628.0,5.710870511,2.007683746,8
*/C=C\CCCC*,2221658345.0,5.388981757,2.317689495,8
*C(C*)CCCCCCCCCCCCC,2494758206.0,3.581551384,2.625512585,17
*C(CC)C(CC)*,2255835010.0,6.039480837,1.404320804,8
*C(C*)CCCCCCCCCCC,2232573581.0,3.742292234,2.625512585,15
*C(C*)CCCCCCCCC,2230989298.0,3.976062052,2.625512585,13
*C(C*)C1CC(CCC1)C,2848428912.0,5.128018786,2.845228215,11
*C(C*)C1CCC(CC1)C,2470219777.0,4.614649561,3.165882212,11
*C(C*)C1CC=CCC1,2238836564.0,5.51426473,2.612723983,10
*C(=CCC*)CCCCCCC,2275781877.0,4.073343596,2.53128912,13
*C(=CCC*)C(C)C,2468276940.0,5.428167138,2.107683218,9
*/C=C\CCC*,2183122795.0,5.921314275,2.185752721,7
*C(C*)CCC(C)(C)C,2365523781.0,5.149374899,2.458412312,10
*C1C(CC1)*,2332540975.0,6.793458439,1.508018445,6
*/C=C\*,2800524577.0,7.826338431,1.660729761,4
*/C=C\CCCCC*,2287760654.0,4.938276007,2.56187061,9
*C1CC(CC1)C=C*,2239557870.0,6.180094975,2.32671701,9
*/C=C/C(C*)C(CC)C,2483174899.0,5.885694654,2.188831912,10
*C(=CCC*)CCC,2190256533.0,5.283603007,2.290821083,9
*C=CCCCCCCCCCC*,2417201336.0,3.758462509,2.718664765,14
*C1(CCCCC1)C*,3244007903.0,4.755506776,2.010029386,9
*C=CC(CCCCC*)C,2340889656.0,5.1096311,3.241597045,11
*/C(=C\CC*)C(C)(C)C,2938562616.0,5.175253367,2.051376972,10
*C(C*)c1ccccc1,2474507328.0,4.11851035,2.195807612,10
*C(C*)c1c(cccc1)C,2794609495.0,4.129346484,2.092169959,11
*C(C*)c1c(cccc1)CC,2338315880.0,4.068682395,2.421444634,12
*C(C*)c1c(cccc1)COC,2402472377.0,4.045335129,2.608225064,13
*C(C*)c1c(cccc1)COCC,2254908598.0,3.977306734,2.400991369,14
*C(C*)c1c(cccc1)COCCC,2102634785.0,3.899670256,2.624504195,15
*C(C*)c1c(cccc1)COC(C)C,2207995987.0,3.998372025,2.599561713,15
*C(C*)c1c(cccc1)COCCCC,2463033223.0,3.764940777,2.661642313,16
*C(C*)c1c(cccc1)COCCCCC,2267395855.0,3.676521576,2.522406895,17
*C(C*)c1c(cccc1)COCCC(C)C,2677179238.0,3.807796494,2.955328623,17
*C(C*)c1c(cccc1)COCc1ccccc1,2603049630.0,3.349117609,2.36734915,19
*C(C*)c1c(cccc1)COCCc1ccccc1,2721888997.0,3.355344331,2.595108535,20
*C(C*)c1c(cccc1)C(=O)NC,2287042964.0,3.929106329,2.79211763,14
*C(C*)c1c(cccc1)C(=O)N(C)C,1689224518.0,3.887618497,2.896475441,15
*C(C*)c1c(cccc1)C(=O)Nc1ccccc1,2296679792.0,3.193131502,2.790596243,19
*C(C*)c1c(cccc1)C(=O)O,3579983504.0,3.948216667,2.192039543,13
*C(C*)c1c(cccc1)C(=O)OC,2150645252.0,3.837295398,2.089870635,14
*C(C*)c1c(cccc1)C(=O)OCC,2049524871.0,3.711398666,2.190311028,15
*C(C*)c1c(cccc1)C(=O)OCCC,2178905672.0,3.714071826,2.639670961,16
*C(C*)c1c(cccc1)C(=O)OC(C)C,2267766459.0,3.790108434,2.467091064,16
*C(C*)c1c(cccc1)C(=O)OCCCC,2079673923.0,3.610968998,2.624295737,17
*C(C*)c1c(cccc1)C(=O)OCC(C)C,2537130421.0,3.732460288,2.38677197,17
*C(C*)c1c(cccc1)C(=O)OCCCCC,2273988657.0,3.538396651,2.717138642,18
*C(C*)c1c(cccc1)C(=O)OCCC(C)C,2696146116.0,3.666626503,3.041385899,18
*C(C*)c1c(cccc1)C(=O)OCCCCCC,2241249015.0,3.485172624,2.83888191,19
*C(C*)c1c(cccc1)C(=O)Oc1ccccc1,2752708669.0,3.321362271,2.351329457,19
*C(C*)c1c(cccc1)C(=O)OCCN(C)C,2766297100.0,3.711714101,3.022018795,18
*C(C*)c1ccc(cc1)C(=O)OCCN(C)C,2623833157.0,3.613787885,3.089843411,18
*C(C*)c1c(cccc1)OC,2324333305.0,3.922949527,2.400737779,12
*C(C*)c1c(cccc1)Cl,1966085543.0,4.163283407,2.294767218,11
*C(C*)c1c(cccc1)F,1937181930.0,4.187324946,2.407295058,11
*C(C*)c1cc(ccc1)C,2448817067.0,4.1790311,2.822879196,11
*C(C*)c1cc(ccc1)CC,2115012345.0,4.076918758,2.866700886,12
*C(C*)c1cc(ccc1)c1ccc(cc1)c1ccccc1,2937731305.0,3.04323388,3.140369224,22
*C(C*)c1cc(ccc1)Cl,1909925845.0,4.203349561,2.331941777,11
*C(C*)c1cc(ccc1)F,2145471026.0,4.224672638,2.29773731,11
*C(C*)c1ccc(cc1)C,2268176177.0,4.077169561,2.314815286,11
*C(C*)c1ccc(cc1)CC,1874018044.0,3.954191485,2.499433175,12
*C(C*)c1ccc(cc1)C(C)C,2059387897.0,3.921450074,2.591048259,13
*C(C*)c1ccc(cc1)CCCC,2073662249.0,3.688362355,3.197522049,14
*C(C*)c1ccc(cc1)C(C)(C)C,2117500964.0,3.8964427,2.517668305,14
*C(C*)c1ccc(cc1)C(CC)C,2116421852.0,4.1713254,2.837898017,14
*C(C*)c1ccc(cc1)CCCCCC,2190053956.0,3.508642315,3.338917198,16
*C(C*)c1ccc(cc1)CCCCCCCC,2201867084.0,3.391874153,3.338917198,18
*C(C*)c1ccc(cc1)CCCCCCCCC,2272406928.0,3.348282784,3.338917198,19
*C(C*)c1ccc(cc1)CCCCCCCCCC,2454174040.0,3.312533036,3.338917198,20
*C(C*)c1ccc(cc1)CCCCCCCCCCCC,2066121238.0,3.260217637,3.338917198,22
*C(C*)c1ccc(cc1)CCCCCCCCCCCCCC,2419761740.0,3.228118484,3.338917198,24
*C(C*)c1ccc(cc1)CCCCCCCCCCCCCCCC,2509841289.0,3.211585483,3.338917198,26
*C(C*)c1ccc(cc1)CCCCCCCCCCCCCCCCCC,2671260572.0,3.207331128,3.338917198,28
*C(C*)c1ccc(cc1)c1ccccc1,2442926795.0,3.267400376,2.764095896,16
*C(C*)c1ccc(cc1)COCCOCC,2638527695.0,3.669356191,2.726303917,17
*C(C*)c1ccc(cc1)C#N,2794517371.0,4.208675402,2.256511188,12
*C(C*)c1ccc(cc1)Cl,2377392172.0,4.1097311,2.229277029,11
*C(C*)c1ccc(cc1)Br,2391433504.0,4.233529561,1.9896503,11
*C(C*)c1ccc(cc1)C(C(C(C(C(C(C(F)(F)F)(F)F)(F)F)(F)F)(F)F)(F)F)(F)F,2151511435.0,4.065470177,3.240153251,32
*C(C*)c1ccc(cc1)C(=NO)C,3110292994.0,4.150007138,2.430708832,14
*C(C*)c1ccc(cc1)C(O)(C)C,3144148375.0,4.147099249,2.70351459,14
*C(C*)c1ccc(cc1)C(CC)(O)C,2614080310.0,4.465240241,2.929858284,15
*C(C*)c1ccc(cc1)C(CCC)(O)C,2835678653.0,4.356420123,2.80376597,16
*C(C*)c1ccc(cc1)C(CCCC)(O)C,2761051897.0,4.220278286,2.964009867,17
*C(C*)c1ccc(cc1)C(CCCCC)(O)C,2456421145.0,4.117727744,3.078427117,18
*C(C*)c1ccc(cc1)C(CCN(C)C)O,3277107369.0,4.147510727,3.006730241,17
*C(C*)c1ccc(cc1)C(CCN1CCCCC1)O,3075568703.0,3.827767897,3.321326325,20
*C(C*)c1ccc(cc1)C(CCN1CCOCC1)O,4079241561.0,3.907315265,3.401291291,20
*C(C*)c1ccc(cc1)COC,2231050782.0,3.901488975,2.722398882,13
*C(C*)c1ccc(cc1)COCCO,3352061246.0,3.830512014,2.49077112,15
*C(C*)c1ccc(cc1)COCCC,2523658518.0,3.756454871,2.638273194,15
*C(C*)c1ccc(cc1)COCCCC,2395779642.0,3.631273085,2.624836095,16
*C(C*)c1ccc(cc1)COCCCCO,3771915836.0,3.670348499,2.462797718,17
*C(C*)c1ccc(cc1)COC(CC)C,2086379984.0,4.118770213,2.740969554,16
*C(C*)c1ccc(cc1)COCCCCCC,2455278117.0,3.492090443,2.774107518,18
*C(C*)c1ccc(cc1)COCCOCCCC,2813936687.0,3.556975091,2.855900213,19
*C(C*)c1ccc(cc1)C(=O)N(C)C,3057016372.0,3.766025036,2.928614891,15
*C(C*)c1ccc(cc1)C(=O)N(CC)CC,2600784376.0,3.620225171,2.89061844,17
*C(C*)c1ccc(cc1)C(=O)N1CCCCC1,2654565401.0,3.382868723,2.771595819,18
*C(C*)c1ccc(cc1)C(=O)CCN1CCCCC1,3659720981.0,3.443347611,2.659164001,20
*C(C*)c1ccc(cc1)C(=O)N1CCOCC1,3343611167.0,3.486690443,3.184507886,18
*C(C*)c1ccc(cc1)C(=O)OC,2456014968.0,3.7074039,2.257566943,14
*C(C*)c1ccc(cc1)C(=O)OCC,2021211473.0,3.594364895,2.353676982,15
*C(C*)c1ccc(cc1)C(=O)OCCC,2175107597.0,3.60501763,2.72642554,16
*C(C*)c1ccc(cc1)C(=O)OC(C)C,2597709818.0,3.675620061,2.662490556,16
*C(C*)c1ccc(cc1)C(=O)OCCCC,2353138432.0,3.508875708,2.741536662,17
*C(C*)c1ccc(cc1)C(=O)OCC(C)C,2687180682.0,3.628147579,2.647282878,17
*C(C*)c1ccc(cc1)C(=O)OCCCCCC,2327883661.0,3.394637065,3.0933926,19
*C(C*)c1ccc(cc1)C(=O)CC,2382438080.0,3.872464628,1.996986651,14
*C(C*)c1ccc(cc1)C(=O)CCC,2500976302.0,3.754210299,2.632143352,15
*C(C*)c1ccc(cc1)C(=O)CCCC,2611655646.0,3.637911686,2.72809572,16
*C(C*)c1ccc(cc1)C(=O)CCCCC,2594603380.0,3.53552219,2.687331465,17
*C(C*)c1ccc(cc1)C(=O)CCCCCCC,2578552054.0,3.425952885,2.758666899,19
*C(C*)c1ccc(cc1)C(=O)Cc1ccccc1,3687811550.0,3.251372527,2.472442757,19
*C(C*)c1ccc(cc1)C(=O)c1ccccc1,3373237093.0,3.248916687,2.609731613,18
*C(C*)c1ccc(cc1)C(=O)c1ccc(cc1)C,2981004557.0,3.260501797,2.71766328,19
*C(C*)c1ccc(cc1)F,2068854998.0,4.121648023,2.230364835,11
*C(C*)c1ccc(cc1)I,2007753852.0,4.4800511,2.229144347,11
*C(C*)c1ccc(cc1)N(C)C,2736501356.0,4.033002601,2.485086921,13
*C(C*)c1ccc(cc1)OC,2607218330.0,3.863511765,2.347030747,12
*C(C*)c1ccc(cc1)OCC,2368205562.0,3.77177359,2.58838613,13
*C(C*)c1ccc(cc1)OCCC,2037805646.0,3.702410876,2.795840951,14
*C(C*)c1ccc(cc1)OCCCC,1928174529.0,3.583183442,2.875655505,15
*C(C*)c1ccc(cc1)OCCC(C)C,2521820952.0,3.640218329,2.832148912,16
*C(C*)c1ccc(cc1)Oc1ccccc1,2964814987.0,3.266120045,2.684559151,17
*C(C*)c1ccc(cc1)c1ccc(cc1)c1ccccc1,2658208965.0,2.988485322,2.764095896,22
*C(C*)c1ccc(cc1)S(=O)(=O)OCCC,2818794187.0,3.968868315,2.630317523,17
*C(C*)c1c(cccc1Cl)Cl,1940815944.0,4.261052805,2.375184427,12
*C(C*)c1c(cc(cc1)C)C,2261298512.0,4.129150882,2.405744469,12
*C(C*)c1c(cc(cc1)C(C)C)C(C)C,1890004465.0,3.986670228,2.947158,16
*C(C*)c1c(cc(cc1)F)C,2311722688.0,4.210951363,2.66678826,12
*C(C*)c1c(cc(cc1)Cl)C,2158707941.0,4.19318069,2.514462643,12
*C(C*)c1c(cc(cc1)Cl)Cl,1839064324.0,4.193777805,2.470472001,12
*C(C*)c1c(ccc(c1)C)C,1982918504.0,4.132651363,2.553840964,12
*C(C*)c1c(ccc(c1)C(C)(C)C)C,2087895041.0,4.007883527,2.783698565,15
*C(C*)c1c(ccc(c1)C(C)C)C(C)C,1960816350.0,3.992155942,2.673435535,16
*C(C*)c1c(ccc(c1)Cl)Cl,2017112472.0,4.209982132,2.561490435,12
*C(C*)c1c(ccc(c1)F)F,1763680554.0,4.249335498,2.12656584,12
*C(C*)c1c(ccc(c1)C)F,2341931163.0,4.19441819,2.363151301,12
*C(C*)c1c(ccc(c1)Br)OCCCC,1653225026.0,3.784432315,2.397075466,16
*C(C*)c1c(ccc(c1)Br)OCC,2020473434.0,3.974842361,2.183288741,14
*C(C*)c1c(ccc(c1)Br)OC,1907947001.0,4.061929195,2.096859826,13
*C(C*)c1c(ccc(c1)Br)OCCC,1639093894.0,3.908936002,2.473239692,15
*C(C*)c1c(ccc(c1)Br)OC(C)C,1816460004.0,4.030805036,2.279720238,15
*C(C*)c1c(ccc(c1)Br)OCCCCC,1413767707.0,3.692322517,2.45138414,17
*C(C*)c1c(ccc(c1)Br)OCCC(C)C,2094204024.0,3.832950255,2.863136717,17
*C(C*)c1cc(cc(c1)C)C,2509661261.0,4.24813694,2.583428823,12
*C(C*)c1cc(c(cc1)C)C,2207074010.0,4.119692228,2.43987012,12
*C(C*)c1cc(c(cc1)Cl)C,1688734778.0,4.227432613,2.644022307,12
*C(C*)c1cc(c(cc1)Cl)Cl,1800372609.0,4.189658575,2.513574668,12
*C(C*)c1cc(c(cc1)Cl)F,1944664031.0,4.293457132,2.514140111,12
*C(C*)c1c(cc(cc1C)C)C,2347840192.0,4.203931509,2.406710412,13
*C(C*)c1c(cc(c(c1)C)C)C,2499239492.0,4.186416124,2.704355036,13
*C(C*)c1c(c(c(c(c1F)F)F)F)F,2301288934.0,4.552457242,2.763695551,15
*C(C*)(c1ccccc1)C,2490241595.0,4.039212638,2.314657348,11
*C(C*)(c1ccc(cc1)C(C)C)C,2068502851.0,3.86395663,2.736255714,14
*C(C(*)(F)F)(c1ccccc1)F,2018912018.0,3.925420196,1.809397732,13
*C(C(*)(F)F)(c1c(c(c(c(c1F)F)F)F)F)F,1635672814.0,4.260336535,2.129067633,18
*C(C*)c1c2c(ccc1)cccc2,2306736046.0,3.591751349,2.59103347,14
*C(C*)c1ccc(cc1)C(=O)C,2511918803.0,3.882471173,2.117206295,13
*C(C*)c1ccc(cc1)C(=O)CCN1CCOCC1,3752203662.0,3.52289498,2.914520786,20
*C(C*)(C(=O)OC)c1ccccc1,2290206484.0,3.923433049,2.175878352,14
*C(C*)(c1ccc(cc1)C)C,2170174729.0,3.992861459,2.426621645,12
*C(C(*)c1ccccc1)[N+](=O)[O-],1503036154.0,4.396950498,1.736667897,13
*C(C*)c1ccc(cc1)C(=O)C(F)(F)F,2256359674.0,3.995251546,2.605984507,16
*C(C*)c1ccc(cc1)C(=O)c1ccc(cc1)OC,3184711112.0,3.202997163,2.554756287,20
*C(C*)c1cc2c(cc1)cccc2,2338400628.0,3.637128657,2.593717072,14
*C(C*)c1ccncc1,3191263594.0,4.649238372,2.418390721,10
*C(C*)c1nc(ccc1)C,2580374055.0,4.5346511,2.124443631,11
*C(C*)c1ccc(nc1)C,2233380331.0,4.523463407,2.636301544,11
*C(C*)N1Nc2c(C1)cccc2,3081853228.0,4.620823902,2.867826529,13
*C(C(C(C*)c1ncccc1)c1ccccc1)c1ncccc1,2272399729.0,4.089378286,2.901175078,24
*C(C*)c1ccc(cc1)O,3895793571.0,4.274232638,2.406268443,11
*C(C*)c1ccc(cc1)OC(=O)C,2672856492.0,3.861347624,2.399095824,14
*C(C*)c1ccc(cc1)CCC,2075412112.0,3.834319744,2.744205299,13
*C(C*)c1ccc(cc1)COCCCCCCOc1ccc(cc1)c1ccc(cc1)OC,3529662211.0,3.136359982,3.247372029,33
*C(C*)c1ccc(cc1)COCC(CCCC)CC,2505009922.0,3.90994495,2.946891387,20
*C(C*)c1ccc(cc1)COCCOCCCCCCCC,2066533608.0,3.40654704,3.047789717,23
*C(C*)c1ccc(cc1)C(C(C(C(C(C(F)F)(F)F)(F)F)(F)F)(F)F)(F)F,1927784948.0,4.209067978,3.385829128,28
*C(CC(C*)c1ccccc1)(C(=O)OC)C#N,2870086836.0,4.380547524,2.419464185,18
*C(C*)c1cc(c(cc1)C(=O)O)C(=O)O,6533348457.0,3.881495502,2.404252028,16
*C(C(*)(c1c(c(c(c(c1[2H])[2H])[2H])[2H])[2H])[2H])([2H])[2H],2067982470.0,7.336055731,2.785828253,18
*C(C*)O,5935855516.0,6.978688097,1.493341398,5
*C(C*)C=O,5515093707.0,6.945298235,1.45264863,6
*C(C*)OC(=O)CCCCCCCCCCC,2583153362.0,3.596417574,2.545197208,18
*C(C*)C(=O)C,3934269766.0,6.098370096,1.597966639,7
*C(C*)C(=O)C(C)C,2571025344.0,5.405763945,1.990156317,9
*C(C*)(C(=O)C)C,2868288689.0,5.717939336,1.938267077,8
*C(C*)C#N,5912139120.0,6.957049004,1.641652013,6
*C(C*)(C#N)C,5333238048.0,6.378160142,1.759447849,7
*C(C*)c1ncccc1,2767351732.0,4.54603013,2.239721153,10
*C(C*)n1c2ccccc2c2ccccc12,2308110111.0,3.495918161,2.835422484,17
*C(C*)OC,3130844090.0,6.710052081,1.576835999,6
*C(C*)OCC,2259194628.0,6.003872811,1.682727578,7
*C(C*)OC(=O)C,2792032956.0,5.586391401,1.877757533,8
*C(C*)OC(=O)CC,2369834163.0,5.305917031,2.210544958,9
*C(C*)OC(=O)c1ccccc1,2736529599.0,3.721692821,2.049346104,13
*C(C*)CCCCCCCCCO,3449573905.0,3.994614426,2.591978351,14
*C(C*)CCN(C(C)C)C(C)C,2709482783.0,4.671247716,3.128049967,13
*C(C*)CCCN(C(C)C)C(C)C,2647940669.0,4.53656058,2.984180552,14
*C(C*)CCCN(CC(C)C)CC(C)C,2719797454.0,4.255536162,3.539063754,16
*C(C*)O[N+](=O)[O-],4461466878.0,6.172699863,1.738479144,8
*C=CC(C(*)C(=O)OC)C,2683456679.0,5.524918227,2.242364907,11
*C#C/C(=C(*)\COS(=O)(=O)c1ccc(cc1)C)COS(=O)(=O)c1ccc(cc1)C,3692011689.0,3.501503489,1.967030955,30
*C(C*)OC=O,4369687829.0,6.579095888,1.664394062,7
*C(C*)OCc1ccccc1,3073051193.0,3.861723365,2.021193735,12
*C(C*)OC(C)(C)C,2428411908.0,5.485058351,1.921744176,9
*C(C(*)OCC(C)C)C,2050342135.0,5.303431719,1.661767417,10
*C(C*)OC(C)C,2391684571.0,5.797088324,1.431134197,8
*C(C*)(OC)C,2615501362.0,6.194780051,1.838627922,7
*C(C*)OCC(C)(C)C,2002499220.0,5.331501668,2.120872273,10
*C(C*)OC(CC)C,2201283229.0,5.765753758,2.093383662,9
*C(C*)OC(=O)C(F)(F)F,2659743215.0,5.072641869,2.11885576,11
*/C=C/C(C*)OC,2410546717.0,6.28898283,2.06157118,8
*C=CCC(CC*)(C(=O)OC)C,2903047283.0,5.28177721,2.371286488,13
*C(C*)CCc1c(cccc1)C,3182333832.0,3.921254359,2.779502585,13
*C(C*)CCc1ccc(cc1)C,3115947806.0,3.783712052,2.795368913,13
*C(C*)OCCCCCCCCCCCC,2503470824.0,3.656808114,2.650368317,17
*C(C(*)OCCCC)C,2083611140.0,5.037623057,1.858590733,10
*C(C(*)OC(C)(C)C)C,2242372017.0,5.418314181,1.907809028,10
*C(C(*)OCC)C,1985876447.0,5.812646221,1.515865383,8
*C(C(*)OC(C)C)C,1976632500.0,5.668910584,1.736531255,9
*C(C(*)OC)C,2332119388.0,6.351905505,1.641434332,7
*C(C(*)OCCC)C,1784065598.0,5.463949745,1.977174733,9
*C(C*)Cc1c(ccc(c1)C)C,2507105676.0,4.053787656,2.708661214,13
*C(C*)Cc1cc(c(cc1)C)C,2817904927.0,3.973032931,2.932172107,13
*C(C*)Cc1cc(cc(c1)C)C,2534902624.0,4.093371832,2.645625807,13
*C(C*)Cc1cc(ccc1)C,2932289415.0,4.001113164,2.595391207,12
*C(C*)Cc1c(cccc1)C,2744415284.0,4.00518729,2.450931713,12
*C(C*)Cc1ccc(cc1)C,2769176666.0,3.880832045,2.622868022,12
*C(C(*)O)C,3781096616.0,6.383767078,1.549197553,6
*C(C*)OC(=O)c1ccc(cc1)C(C)(C)C,2240584094.0,3.63338196,2.440088343,17
*C(C*)C(=O)C(C)(C)C,2633748368.0,5.164445515,2.326050448,10
*C(C*)C(=O)C1CCCCC1,2583173288.0,4.311984492,2.437647472,12
*C(C*)C(=O)c1c(cccc1)O,3134442664.0,4.07629359,2.102351593,13
*C=CC(C*)OC,2593097373.0,6.28898283,1.961591924,8
*C(=CCC*)c1ccccc1,2701219559.0,3.890217127,2.004806714,12
*C(O)C(*)O,7028861986.0,6.524273587,1.42555481,6
*C(C*)OCC(CCCC)CC,2286188898.0,4.772489839,2.832478469,13
*C(C*)SCCCC,2154651038.0,5.279848386,1.963706094,9
*C(C*)OC1CCCCC1,2874643249.0,4.537443854,2.351096697,11
*C(C*)SCC,2501097814.0,6.32843435,1.957529269,7
*C(C(*)(F)F)(OC(C(C(C(F)(F)F)(F)F)(F)F)(F)F)F,1503470315.0,4.412221094,2.037766671,21
*C(C(*)(F)F)(OC(C(F)(F)F)(F)F)F,1428882034.0,4.867606739,2.525733067,15
*C(C(*)(F)F)(OC(F)(F)F)OC(F)(F)F,1552498150.0,4.372628361,2.245803978,16
*C(C(*)(F)F)OC(F)(F)F,2321454540.0,5.285000449,1.826825525,11
*C(C(*)F)(OC(F)(F)F)F,2502408358.0,5.550520298,2.051355589,11
*C(C(*)(F)F)(OC(F)(F)F)F,2095113058.0,5.082629797,1.768033137,12
*C(C*)OCC(CC)(C)C,2305150212.0,5.330802308,2.551068225,11
*C(C*)SC,3001179776.0,6.994858235,1.985185494,6
*C(C*)OCCC,2303284968.0,5.553850962,2.419370757,8
*C(C*)(C(=O)C)F,3794318000.0,5.776457555,2.21671308,8
*C(C*)C(=O)c1ccccc1,3098742659.0,3.858325751,2.158174491,12
*C(C*)C(=O)c1cc(c(cc1)Br)OC,2688111858.0,3.965416574,2.488393281,15
*C(C*)C(=O)c1ccc(cc1)C(C)(C)C,2703135559.0,3.719805392,2.442354473,16
*C(C*)C(=O)c1ccc(cc1)Cl,2566986356.0,3.843250953,2.178413807,13
*C(C*)C(=O)c1ccc(cc1)CC,2532135613.0,3.737344385,2.663855884,14
*C(C*)C(=O)c1ccc(cc1)C(C)C,2411094152.0,3.726148113,2.477756022,15
*C(C*)C(=O)c1ccc(cc1)OC,3063925087.0,3.658596207,2.188614811,14
*C(C*)C(=O)c1cc(c(cc1)C)C,3035112746.0,3.876612763,2.724992176,14
*C(C*)C(=O)c1ccc(cc1)CCC,2345436277.0,3.655645946,2.799986795,15
*C(C*)C(=O)c1ccc(cc1)C,2882950487.0,3.815341063,2.341465324,13
*C(C*)OC(=O)c1c(cccc1)OC(=O)C,3181618786.0,3.699798415,2.384217484,17
*C(C*)OC(=O)c1ccc(cc1)OC(=O)C,2782073800.0,3.611812128,2.508578189,17
*C(C*)OC(=O)CCCC(=O)c1ccccc1,3942492622.0,3.525957266,2.252052702,18
*C(C*)OC(=O)c1cc(ccc1)Br,3374836956.0,3.908435478,2.24753209,14
*C(C*)OC(=O)c1ccc(cc1)Br,2788314247.0,3.816515236,2.069312277,14
*C(C*)OC(=O)c1ccc(cc1)OC(=O)CCC,2404498692.0,3.552371837,2.838515425,19
*C(C*)OC(=O)c1c(cccc1)Cl,3365498623.0,3.805143171,2.004424366,14
*C(C*)OC(=O)c1cc(ccc1)Cl,2849035844.0,3.823256126,2.066267781,14
*C(C*)OC(=O)c1ccc(cc1)Cl,2910650737.0,3.718779608,2.198984149,14
*C(C*)OC(=O)C1CCCCC1,2634238079.0,4.135492821,2.028792513,13
*C(C*)OC(=O)CC1CCCCC1,2624693320.0,4.122741053,2.527393281,14
*C(C*)OC(=O)CCCC1CCCCC1,3579861629.0,3.889993085,2.616901214,16
*C(C*)OC(=O)c1ccc(cc1)OCC,2663584164.0,3.517632665,2.547613731,16
*C(C*)OC(=O)c1ccc(cc1)CC,2258854439.0,3.633914239,2.52969193,15
*C(C*)OC(=O)C(C(C(F)(F)F)(F)F)(F)F,2192966566.0,4.617289353,2.188736479,17
*C(C*)OC(=O)C1(C(C(C(C(C1(F)F)(F)F)(F)F)(F)F)(F)F)F,2315560809.0,5.184743567,2.382470668,24
*C(C*)NC(=O)OC(C)(C)C,2082257430.0,4.469647709,1.756096196,12
*C(C*)OC(=O)C(C(C(C(C(C(C(C(C(F)(F)F)(F)F)(F)F)(F)F)(F)F)(F)F)(F)F)(F)F)(F)F,2822663229.0,4.241333693,2.336462478,35
*C(C*)OC(=O)C(C(C(C(C(F)(F)F)(F)F)(F)F)(F)F)(F)F,2343945316.0,4.40065683,2.336462478,23
*C(C*)OC(=O)C(C(C(C(C(C(C(F)(F)F)(F)F)(F)F)(F)F)(F)F)(F)F)(F)F,2449259293.0,4.33189942,2.336462478,29
*C(C*)OC(=O)C(C(F)(F)F)(F)F,2340978991.0,4.879042933,2.291239773,14
*C(C*)OC(=O)C(C(C(C(F)(F)F)(F)F)(F)F)(F)F,1910394908.0,4.47567752,2.332636574,20
*C(C*)OC(=O)c1ccncc1,3335203934.0,4.109865898,2.258440705,13
*C(C*)OC(=O)c1ccc(cc1)C(C)C,2177906226.0,3.631763174,2.390457697,16
*C(C*)OC(=O)C(C(C)C)(C(C)C)C,2296373266.0,4.947709786,2.340061748,15
*C(C*)OC(=O)c1c(cccc1)OC,3178415039.0,3.656351762,2.369076168,15
*C(C*)OC(=O)c1cc(ccc1)OC,3015440701.0,3.649864332,2.206905911,15
*C(C*)OC(=O)c1ccc(cc1)OC,2821725416.0,3.560928122,2.225720157,15
*C(C*)OC(=O)c1c(cccc1)C,3402628031.0,3.798566248,2.237447447,14
*C(C*)OC(=O)c1cc(ccc1)C,3255741143.0,3.793443171,2.155090052,14
*C(C*)OC(=O)c1ccc(cc1)C,2364609877.0,3.69307313,2.17194137,14
*C(C*)OC(=O)CC(c1ccccc1)(C)C,3212880326.0,3.931917144,2.642100113,17
*C(C*)OC(=O)C(CCC)(C)C,2375116983.0,4.748450513,2.86439284,13
*C(C*)OC(=O)C(C(CC)(C)C)(C)C,2500599630.0,4.934350119,2.797336726,15
*C(C*)OC(=O)C(C(C(C)C)C)(C)C,2229625258.0,5.131941343,2.660376799,15
*C(C*)OC(=O)C(CC(C)(C)C)(C)C,2719098223.0,4.609496897,2.354629982,15
*C(C*)OC(=O)c1cnccc1,3339923300.0,4.098504359,2.258963286,13
*C(C*)OC(=O)c1cc(ccc1)[N+](=O)[O-],3779421400.0,3.78801219,2.241143895,16
*C(C*)OC(=O)CCCCCCC,2375828080.0,3.959061389,2.545197208,14
*C(C*)OC(C(F)(F)F)(C(F)(F)F)F,2242950729.0,4.963874651,2.240680462,15
*C(C*)OC(=O)CCl,2990312423.0,5.576874222,1.93936562,9
*C(C*)C1=CC=CS1,2802018858.0,4.94299754,2.160740777,9
*C(C*)OCCCl,3180260915.0,6.005327885,2.225075117,8
*C(C*)OCCOC,2812656541.0,5.180525309,2.281234034,9
*C(C*)OCC(F)(F)F,2395830512.0,5.348537976,2.348216352,10
*C(C*)(CC(=O)OCCCCCCC)C(=O)OCCCCCCC,2389731618.0,3.623210494,2.907005616,25
*C(C*)OC(=O)C1CCCC1,2643711680.0,4.318345332,1.998059804,12
*C(C*)OC(=O)C1(CCCCC1)C,2679601379.0,4.511133049,2.300227425,14
*C(C*)P(=O)(c1ccccc1)c1ccccc1,1937242209.0,3.766293158,2.094909895,18
*C(C*)P(=O)(OCC)N(C)C,2686374423.0,5.730037145,2.087773512,12
*C(C*)P(=O)(N(C)C)Oc1ccccc1,2392993688.0,4.569586492,2.213018943,16
*C(C*)c1nc(nc(n1)C)C,2783626578.0,5.033529728,2.501540349,12
*C(C*)OC(=O)CCCCCCCCC,2276551846.0,3.744948749,2.545197208,16
*C(C*)OC(=O)CCCCC,2052516830.0,4.274903286,2.417383257,12
*C1c2c(CC1*)cccc2,2112730640.0,4.635708178,2.468062865,11
*C1C(=O)OC(=O)C1C(C*)OC,3956187277.0,5.687979376,2.25919824,13
*C(C(C(C*)OC)C(=O)O)C(=O)O,5921160021.0,5.317389585,2.462643902,14
*C(=CCCC*)c1ccc(cc1)OC,2976150997.0,3.58706169,2.47027152,15
*C(=CCCC*)c1ccccc1,3277067755.0,3.801965738,2.370371669,13
*C(=CCCC*)c1ccc(cc1)Cl,3030631113.0,3.774280586,2.575535507,14
*C(C*)CNc1ccc(cc1)[N+](=O)[O-],4902329948.0,3.883303732,2.225171942,15
*C(C*)CNc1ncc(cc1)[N+](=O)[O-],4265340753.0,4.233388535,2.436172781,15
*C(C*)CNc1c(cc(cc1)[N+](=O)[O-])C,4109965495.0,3.950337414,2.573091304,16
*C(C*)CNc1cc(c(cc1)[N+](=O)[O-])C(F)(F)F,4344893393.0,3.997361553,2.891434179,19
*C(C*)CNc1c(cc(cc1)[N+](=O)[O-])[N+](=O)[O-],5322015187.0,3.930110805,2.465355325,18
*C1C(CC(C1)C*)OC(=O)CCCCCCCCCCOc1ccc(cc1)c1ccc(cc1)C#N,3711675480.0,4.004602305,4.135361336,36
*C1C(CC(C1)OC(=O)CCCCCCCCCCOc1ccc(cc1)c1ccc(cc1)C#N)CC*,3633355257.0,4.060285617,4.325466094,37
*C(C*)N1CNCC1,3933109464.0,5.628498463,2.987719511,9
*C(C*)OCCCCCCCCCCCCCCCCCC,2486537231.0,3.365436379,2.650368317,23
*C(C*)OC(=O)c1ccc(cc1)C#N,3269379313.0,3.838742756,2.372263796,15
*C(C*)OCC(CC(C)C)(C)C,2683206986.0,5.003400164,2.613332939,13
*C(C(*)(F)F)(OC(C(F)F)F)F,2241585534.0,5.690925259,2.5754827,13
*C(C*)C(=O)c1ccc(cc1)Br,2744868976.0,3.94936392,1.95125496,13
*C(C*)OC(=O)CC1CCCC1,2774396547.0,4.284604359,2.464452774,13
*C(C*)N1C(=O)CCC1,3120947957.0,4.96253654,2.500617729,10
*C(C*)C(=O)O,7766097863.0,6.012654259,1.712525158,7
*C(C*)C(=O)OC,3309273117.0,5.463576017,1.858321851,8
*C(C*)C(=O)OCC,2914355859.0,5.019819372,1.731992229,9
*C(C*)C(=O)OCCC,2206494604.0,4.830725692,2.153847262,10
*C(C*)C(=O)OC(C)C,2380634223.0,4.986610591,2.21771037,10
*C(C*)C(=O)OCCCC,2235726690.0,4.513030728,2.461062195,11
*C(C*)C(=O)OCC(C)C,2819254261.0,4.736644067,1.901331169,11
*C(C*)C(=O)OC(C)(C)C,2285800834.0,4.714590587,2.045417639,11
*C(C*)C(=O)OCCCCCC,2398364056.0,4.1081437,2.700456845,13
*C(C*)C(=O)OCCCCCCC,2433889487.0,3.965601875,2.700456845,14
*C(C*)C(=O)OCCCCCCCC,2337797654.0,3.848104107,2.700456845,15
*C(C*)C(=O)OCCCCCCCCCCCC,2479269925.0,3.544598749,2.700456845,19
*C(C*)C(=O)OCCCCCCCCCCCCCC,2460959896.0,3.457792845,2.700456845,21
*C(C*)C(=O)OCCCCCCCCCCCCCCCC,2408547463.0,3.398669353,2.700456845,23
*C(C*)C(=O)OCCCCCCCCCCCCCCCCCC,2504860274.0,3.360434914,2.700456845,25
*C(C*)C(=O)OCCCCCCCCCCCCCCCCCCCCCC,2593715894.0,3.279730322,2.700456845,29
*C(C*)C(=O)OCC=C,2577645210.0,5.172193148,2.030259418,10
*C(C*)C(=O)OC1C2(CCC(C1)C2(C)C)C,2753091642.0,5.731196017,2.758872268,17
*C(C*)C(=O)OCC(F)(F)F,3166527441.0,4.840087709,2.259168589,12
*C(C*)C(=O)OCC(C(F)(F)F)(F)F,2387095450.0,4.725325587,2.362482237,15
*C(C*)C(=O)OC(C(F)(F)F)C(F)(F)F,2304416596.0,4.766390008,2.319177607,16
*C(C*)C(=O)OC(C(F)(F)F)(C(F)(F)F)F,2046884719.0,4.768050328,2.296777126,17
*C(C*)C(=O)OC(C(Cl)(F)F)(C(F)(F)F)F,1789555856.0,5.192919276,2.398826118,17
*C(C*)C(=O)OC(C(Cl)(F)F)(C(Cl)(F)F)F,2302111458.0,5.100651829,2.437617948,17
*C(C*)C(=O)OCC(C(F)C(F)(F)F)(F)F,3010873642.0,5.064550957,2.676788954,17
*C(C*)C(=O)OCC(C(C(F)(F)F)(F)F)(F)F,2279544936.0,4.543768147,2.260619059,18
*C(C*)(C(=O)OC)C,2738743229.0,5.222390519,1.954460208,9
*C(C*)(C(=O)OCC)C,2351727356.0,4.835133668,1.654836585,10
*CC(*)(C)C(=O)OCCC,2186132752.0,4.682604506,2.256957029,11
*CC(*)(C)C(=O)OC(C)C,2142592716.0,4.843529048,2.102664995,11
*C(C*)(C(=O)OCCCC)C,2090120515.0,4.404151828,2.223153367,12
*CC(*)(C)C(=O)OC(C)CC,2145882837.0,4.978370991,2.500648397,12
*CC(*)(C)C(=O)OCC(C)C,2447415565.0,4.604421555,2.351313477,12
*CC(*)(C)C(=O)OC(C)(C)C,1681763097.0,4.605592112,1.982669098,12
*CC(*)(C)C(=O)OCCCCCC,2566448000.0,4.046460164,2.451969631,14
*CC(*)(C)C(=O)OCCCCCCCC,2588451323.0,3.813968899,2.451969631,16
*CC(*)(C)C(=O)OCCCCCCCCCCCC,2167101011.0,3.540160405,2.451969631,20
*CC(*)(C)C(=O)OC1CCCCC1,2700321441.0,4.145139122,2.374137607,14
*CC(*)(C)C(=O)Oc1ccccc1,2787466475.0,3.772101875,2.067404849,14
*CC(*)(C)C(=O)OCc1ccccc1,3235861146.0,3.617015177,2.038416872,15
*CC(*)(C)C(=O)OCCBr,2716905807.0,5.110529781,2.211202496,11
*CC(*)(C)C(=O)OCc1ccccc1Cl,2976795986.0,3.742210401,2.313063453,16
*CC(*)(C)C(=O)OCCO,3743484423.0,4.846542968,2.123711376,11
*CC(*)(C)C(=O)OCCN(C)C,2647978860.0,4.48245331,2.508906369,13
*CC(*)C(N)=O,7230985891.0,6.127520323,1.988213159,7
*CC(*)C(=O)NC(C)C,2473883014.0,4.878294899,2.363715317,10
*CC(*)C(=O)OC(CC)CC,2171098467.0,4.81019699,2.38418602,12
*CC(*)C(=O)OC1CCCCC1,3097275248.0,4.215646667,2.202371784,13
*CC(*)C(=O)OCC(C)(C)C,2687750528.0,4.792507709,2.194629621,12
*CC(*)C(=O)OCCC#N,5118664504.0,4.999804203,2.107456608,11
*CC(*)C(=O)N1CCCCC1,3190480132.0,4.148969108,2.223820704,12
*CC(*)C(=O)N1CCOCC1,3566676698.0,4.309420856,2.39868076,12
*CC(*)C(=O)Oc1ccccc1,3508343325.0,3.813915898,2.183130584,13
*CC(*)C(=O)Oc1ccc(OC)cc1,2795821864.0,3.635129998,2.221102402,15
*CC(*)C(=O)Oc1ccccc1C(=O)OC,3540168395.0,3.64802584,2.36158652,17
*CC(*)C(=O)Oc1ccccc1C(=O)OCC,3241318848.0,3.564583175,2.42104397,18
*CC(*)C(=O)Oc1cccc(C(=O)OC)c1,3767843249.0,3.635793064,2.093680184,17
*CC(*)C(=O)Oc1cccc(C(=O)OCC)c1,2938132421.0,3.55590531,2.260591496,18
*CC(*)C(=O)Oc1ccc(C(=O)OC)cc1,3307421433.0,3.55077768,2.503937176,17
*CC(*)C(=O)Oc1ccc(C(=O)OCC)cc1,2970663047.0,3.476094949,2.599573121,18
*CC(*)C(=O)Oc1ccc(C(=O)OCCCC)cc1,3138008986.0,3.434725719,3.283367483,20
*CC(*)C(=O)Oc1ccc(-c2ccccc2)cc1,3635382971.0,3.221016117,3.035590574,19
*CC(*)C(=O)OCc1ccccc1,3372019776.0,3.626775373,2.045129653,14
*CC(*)C(=O)OCCc1ccccc1,3347119008.0,3.626917508,2.449288245,15
*CC(*)C(=O)Oc1cccc(N(C)C)c1,3897183839.0,3.900236877,2.955698941,16
*CC(*)C(=O)Oc1ccc(C#N)cc1,4226903663.0,3.912944633,2.529156243,15
*CC(*)C(=O)OCc1ccc(C#N)cc1,3440654345.0,3.776074274,2.32107073,16
*CC(*)C(=O)Oc1ccc(Cl)cc1Cl,3009663615.0,3.903427344,2.386188585,15
*CC(*)C(=O)Oc1c(Cl)c(Cl)c(Cl)c(Cl)c1Cl,2411095349.0,4.368086724,2.173910081,18
*CC(*)C(=O)N(C)C,3108795607.0,5.309671638,1.938986852,9
*CC(*)(C)C(=O)OCCOC,2860698988.0,4.502959769,2.473601025,12
*CC(*)(C)C(=O)OCC(C)O,3761681335.0,5.09968176,2.379876468,12
*CC(*)(C)C(=O)OCCC#N,4038650157.0,4.859520563,2.166617551,12
*CC(*)(C)C(=O)OCCO[N+](=O)[O-],4223472191.0,4.692868272,2.569282744,14
*CC(*)(C)C(=O)OCCS(=O)CC,3349362503.0,5.226786938,2.440199551,14
*CC(*)(C)C(=O)Oc1ccc(CC#N)cc1,3741471528.0,3.900660957,2.77726941,17
*CC(*)(C)C(=O)Oc1ccc(C(=O)OC)cc1,3222821680.0,3.540021382,2.243027164,18
*CC(*)(CC)C(=O)OCC,2082632532.0,4.847472638,2.019434421,11
*CC(*)(CC(=O)OCC)C(=O)OCC,2648453379.0,4.232578202,1.85295291,15
*CC(*)(CC(=O)OCCCC)C(=O)OCCCC,2353997408.0,3.930038892,2.499476943,19
*CC(*)(CC(=O)OC1CCCCC1)C(=O)OC1CCCCC1,1692506996.0,3.833911483,2.773551054,23
*CC(*)(CC(=O)OCC1CCCCC1)C(=O)OCC1CCCCC1,2556878009.0,3.769655065,2.834188714,25
*CC(*)(CC(=O)OCCC1CCCCC1)C(=O)OCCC1CCCCC1,2932044006.0,3.766673588,2.883706876,27
*CC(*)(CC(=O)OCCCC1CCCCC1)C(=O)OCCCC1CCCCC1,2751209353.0,3.713901449,3.24560821,29
*CC(*)(CC(=O)Oc1ccccc1)C(=O)Oc1ccccc1,2212545850.0,3.398230536,2.25594021,23
*CC(*)(CC(=O)OCc1ccccc1)C(=O)OCc1ccccc1,2897894616.0,3.280039464,2.15499973,25
*CC(*)(CC(=O)OCCc1ccccc1)C(=O)OCCc1ccccc1,3301249202.0,3.352475786,2.521193912,27
*CC(*)(CC(=O)OCCCc1ccccc1)C(=O)OCCCc1ccccc1,3055910699.0,3.331624156,2.937571144,29
*CC(*)(C)C(=O)Oc1ccc(C#N)cc1,3094599509.0,3.877648326,2.429660644,16
*CC(*)(CC(=O)OC)C(=O)OC,2840130031.0,4.609791772,2.380296998,13
*C(*)C(=O)OCC,2236436681.0,4.275195253,1.446612923,8
*C(*)C(=O)OC,2569277514.0,4.748019062,1.63566579,7
*C(*)C(=O)OCCC,2100937306.0,4.097599914,1.859860786,9
*CC(*)(CC(=O)OCCC)C(=O)OCCC,2314726780.0,4.164554268,2.420213892,17
*CC(*)C(=O)OCCO,5094194840.0,5.007274804,2.158216817,10
*CC(*)(CCC(C)C(=O)OC)C(=O)OC,2692095553.0,4.660217305,2.895854427,16
*CC(*)C(=O)OC1CCCCCCCCCCC1,3782547181.0,4.002898675,2.202371784,19
*C(C*)Cl,3788795128.0,7.135942642,1.417108751,5
*C(C*)(F)F,3991883480.0,5.843684394,1.85435463,6
*CC(*)(Cl)Cl,4338494093.0,6.157800371,1.483602824,6
*C(F)C(*)(F)F,4341654415.0,5.82163435,1.487361632,7
*C(F)(F)C(F)(F)*,3240212268.0,4.853723249,1.24120937,8
*C(C(*)(F)F)(Cl)F,3527834289.0,5.483081989,1.334911134,8
*CCC=C(*)Cl,3114848167.0,6.208915894,1.926935727,7
*C(F)(F)C(*)(F)C(F)(F)F,1955835285.0,5.101892946,1.58212187,11
*/C(=C/CC*)C,2563058158.0,6.04486974,2.0073573,7
*CC/C=C(\*)C,2563306450.0,6.04486974,1.797224265,7
*CC/C=C(/*)Cl,3219993975.0,6.208915894,2.027229309,7
*CC/C=C(\*)Cl,3223289437.0,6.208915894,1.914663223,7
*CC(*)C=C,1791447898.0,7.034292081,1.67757494,6
*CCC=C(*)C,2580134993.0,6.04486974,1.937320885,7
*OCC*,2417919907.0,6.934138441,1.822175729,5
*OC(C*)C,2995279063.0,6.709885927,1.68301329,6
*CC(CCl)O*,3569770678.0,6.498688196,1.738271376,7
*CCCCO*,2130153504.0,5.63907136,2.66905341,7
*Oc1c(cc(cc1C)*)C,2526648597.0,4.468543042,2.459662969,11
*Oc1c(OC)cc(*)cc1OC,3045428347.0,3.920043706,1.956879941,13
*Oc1c(-c2ccccc2)cc(*)cc1-c1ccccc1,2564389667.0,2.949735928,2.954260293,21
*C(=O)OCCOC(=O)c1ccc(*)o1,3529581655.0,3.918786027,2.886619528,15
*CCOCCOC(=O)c1cccc(C(=O)O*)c1,4328883956.0,3.248863457,2.799870794,19
*CCOc1ccc(C(=O)OCCOC(=O)c2ccc(O*)cc2)cc1,4352088398.0,2.837547785,3.2427541,26
*CCCCOc1ccc(C(=O)OCCOC(=O)c2ccc(O*)cc2)cc1,4372086920.0,2.841387929,3.627154099,28
*Oc1ccc(NC(=O)c2cccc(C(=O)Nc3ccc(*)cc3)c2)cc1,4072671990.0,2.729224264,3.342915914,27
*Oc1ccc(cc1)S(=O)(=O)c1ccc(cc1)*,3522996881.0,3.30668958,2.388606119,18
*Oc1ccc(cc1)S(=O)(=O)c1ccc(cc1)Oc1ccc(cc1)C(c1ccc(cc1)*)(C)C,3416706721.0,3.035915227,3.285192529,34
*Oc1ccc(S(=O)(=O)c2ccc(Oc3ccc(Cc4ccc(*)cc4)cc3)cc2)cc1,3726093008.0,2.88340288,3.405904267,32
*Oc1ccc(cc1)C(c1ccc(cc1)OCC(C*)O)(C)C,3731060052.0,3.566106065,2.997097541,23
*CC1CC(*)OC(CCC)O1,2580969489.0,5.704164486,2.813359617,12
*Oc1ccc(cc1)Oc1ccc(cc1)C(=O)c1ccc(cc1)*,3532699654.0,2.861729794,2.971377658,24
*Oc1cccc(S(=O)(=O)c2ccc(*)cc2)c1,3758774452.0,3.415282195,3.207795251,18
*Oc1ccc(S(=O)(=O)c2ccc(Oc3ccc(C(c4ccc(*)cc4)(C(F)(F)F)C(F)(F)F)cc3)cc2)cc1,3214785948.0,3.260809032,3.544873635,40
*Oc1ccc(S(=O)(=O)c2ccc(Oc3c(C)cc(C(C)(C)c4cc(C)c(*)c(C)c4)cc3C)cc2)cc1,2577593403.0,3.30701363,3.80663274,38
*Oc1ccc(S(=O)(=O)c2ccc(Oc3ccc(-c4ccc(*)cc4)cc3)cc2)cc1,3588163806.0,2.800564558,3.205295566,31
*Oc1ccc(Oc2ccc(Oc3ccc(S(=O)(=O)c4ccc(*)cc4)cc3)cc2)cc1,3161314728.0,2.723839339,2.704192384,32
*CCOCC(=O)O*,4609262149.0,5.040476084,2.155222124,9
*CCOCCOC(=O)c1ccc(-c2ccc(C(=O)O*)cc2)cc1,4168748649.0,2.878038235,3.150197955,25
*Oc1ccc(S(=O)(=O)c2ccc(Oc3ccc(C(=O)c4cccc(C(=O)c5ccc(*)cc5)c4)cc3)cc2)cc1,3498355359.0,2.966076665,3.780777307,41
*CCCCCCOC(=O)Nc1ccc(C)c(NC(=O)OCCCCCCOc2ccc(-c3ccc(O*)cc3)cc2)c1,3878722335.0,3.069806397,4.178635758,43
*CS*,3476335284.0,7.725584585,1.743447602,4
*CCS*,2837736480.0,7.087585779,2.144070364,5
*CCCSS*,2734301393.0,6.155379862,2.790381754,7
*Sc1ccc(cc1)*,3552003260.0,4.842239084,1.640430364,9
*Oc1ccc(Sc2ccc(OC(*)=O)cc2)cc1,3646064449.0,3.183743815,2.511866732,19
*OC(=O)CCC(=O)OCC*,4986922017.0,4.178423292,2.352841981,12
*CCCCOC(=O)CCC(=O)O*,4019313681.0,3.85735265,2.444559822,14
*OC(=O)CCCCCCCCC(=O)OCC*,3588367146.0,3.373735426,2.666764439,18
*CCCCCCOC(=O)CCCCCCCCC(=O)O*,3668954902.0,3.188787377,2.838848148,22
*OC(=O)c1ccc(cc1)C(=O)OCC*,4133192529.0,3.242235189,2.192222352,16
*OC(=O)c1cc(ccc1)C(=O)OCC*,4181702589.0,3.341468056,2.470316474,16
*OC(=O)c1ccc(cc1)C(=O)OCCCC*,3879953975.0,3.138478195,2.791153058,18
*CCCCCCOC(=O)c1ccc(C(=O)O*)cc1,3238301005.0,3.039227334,3.033320041,20
*Oc1ccc(cc1)C(c1ccc(cc1)OC(=O)c1ccc(cc1)C(=O)*)(C)C,3507051060.0,2.891741845,3.066278621,29
*Oc1ccc(cc1)C(c1ccc(cc1)OC(=O)c1cc(ccc1)C(=O)*)(C)C,3466136858.0,2.943259793,3.075818323,29
*OC(=O)c1cc2c(cc1)ccc(c2)C(=O)OCC*,4168146088.0,3.151010301,2.730253109,20
*OC(=O)c1cc2c(cc1)cc(cc2)C(=O)OCC*,3783144764.0,3.117240521,2.807153714,20
*CCCCOC(=O)CCCCC(=O)O*,3890664844.0,3.587904419,2.596134369,16
*Oc1ccc(C2(c3ccc(OC(=O)c4cccc(C(*)=O)c4)cc3)c3ccccc3-c3ccccc32)cc1,3043238205.0,3.037454116,3.823380504,39
*CCOC(=O)c1cccc2c(C(=O)O*)cccc12,4656445683.0,3.168399587,2.563259332,20
*CCOC(=O)c1ccc(C(=O)O*)c2ccccc12,4433086588.0,3.173651235,2.54294213,20
*CCCCCC(=O)O*,3361584703.0,4.449125777,2.355163566,10
*CCCOC(=O)c1ccc(C(=O)O*)cc1,4339311755.0,3.190785076,2.637221462,17
*Oc1ccc(cc1)c1ccc(cc1)OC(=O)CCCCCC(=O)*,4369909795.0,2.876883739,3.277381974,25
*Oc1ccc(-c2ccc(OC(=O)CCCCCCC(*)=O)cc2)cc1,3925917907.0,2.866780009,3.277381974,26
*Oc1ccc(-c2ccc(OC(=O)CCCCCCCC(*)=O)cc2)cc1,3984606045.0,2.860045243,3.277381974,27
*Oc1ccc(-c2ccc(OC(=O)CCCCCCCCC(*)=O)cc2)cc1,3609782640.0,2.856321006,3.277381974,28
*Oc1ccc(-c2ccc(OC(=O)CCCCCCCCCC(*)=O)cc2)cc1,3593886721.0,2.855299954,3.277381974,29
*Oc1c(cc(cc1)OC(=O)c1ccc(cc1)c1ccc(cc1)C(=O)*)C,3525567446.0,2.76426665,3.447329563,27
*Oc1ccc(cc1)S(=O)(=O)c1ccc(cc1)OC(=O)c1ccc(cc1)C(=O)*,3870957741.0,2.814058084,3.530368265,29
*Oc1ccc(-c2ccc(OC(=O)CCCCCCCCCCC(*)=O)cc2)cc1,2857168200.0,2.856716967,3.277381974,30
*Oc1ccc(-c2ccc(OC(=O)CCCCCCCCCCCC(*)=O)cc2)cc1,2989076255.0,2.860342079,3.277381974,31
*Oc1ccc(-c2ccc(OC(=O)CCCCCCCCCCCCC(*)=O)cc2)cc1,3237726830.0,2.865974786,3.277381974,32
*CC1CCC(COC(=O)CCC(=O)O*)CC1,3929595292.0,3.590970503,2.830753968,18
*OC(C)CC(*)=O,2902530357.0,5.857789863,2.133687566,8
*OC(C)C(*)=O,2559011352.0,5.979936612,1.929168268,7
*CC(C)(CCC)C(=O)O*,2542986985.0,5.154347913,2.70025892,11
*OC(=O)c1ccc(cc1)c1ccc(cc1)C*,3549503802.0,2.912253435,2.864676991,18
*CC1CCC(COC(=O)CCCCCCCCC(=O)O*)CC1,3743823671.0,3.251278053,3.198186193,24
*OC(=O)c1ccc(cc1)C(=O)NCCNC(=O)c1ccc(cc1)C(=O)OCCCCCCCCCC*,3924977280.0,2.87261436,3.924912951,38
*CCOC(=O)C1CCC(C(=O)O*)CC1,4336905601.0,3.702814909,2.198541328,16
*OC(=O)c1ccc(cc1)c1ccc(cc1)C(=O)OCC*,3851046061.0,2.835290603,2.917199222,22
*OC(=O)CCCCCNC(=O)CCCCC(=O)NCCCCCC(=O)OCCCCCC*,3925504351.0,3.112041669,3.561922714,34
*CCCCCCOC(=O)CCCCCCCC(=O)O*,3399000921.0,3.230493686,2.838848148,21
*CCCCCCOC(=O)c1ccc(-c2ccc(C(=O)O*)cc2)cc1,3253530141.0,2.809026579,3.530399368,26
*CC(C)(C)COC(=O)CCC(=O)O*,3821820322.0,4.020644361,2.295732528,15
*Oc1ccc(cc1)C(c1ccc(cc1)OC(=O)CCCCC(=O)*)(C)C,4268758805.0,3.077624423,2.829576512,27
*CCCCCCOC(=O)c1ccc2cc(C(=O)O*)ccc2c1,3880822902.0,3.016154071,3.355636815,24
*CCCCCOC(=O)c1ccc2cc(C(=O)O*)ccc2c1,3832895254.0,3.040121075,3.355636815,23
*CCCCOC(=O)c1ccc2cc(C(=O)O*)ccc2c1,3924547121.0,3.069527327,3.105284936,22
*CCCOC(=O)c1ccc2cc(C(=O)O*)ccc2c1,3975407949.0,3.095071261,3.037825852,21
*CCCCNC(=O)CCCCC(=O)N*,5258292714.0,3.481814559,2.644669949,16
*NC(=O)CCCCC*,4718982342.0,4.403105264,2.519597094,10
*NC(=O)CCCCC(=O)NCCCCCC*,4446220840.0,3.314842195,2.889918099,18
*NC(=O)CCCCCCCCC(=O)NCCCCCC*,4130526868.0,3.113497799,2.889918099,22
*CCCCCCC(=O)N*,4276059896.0,4.135697259,2.519597094,11
*NC(=O)CCCCCCC*,3932469346.0,3.921800303,2.519597094,12
*CCCCCCCCNC(=O)CCCCCCCCC(=O)N*,2974084428.0,3.056244795,2.889918099,24
*CCCCCCCCC(=O)N*,3461984673.0,3.748143596,2.519597094,13
*CCCCCCCCCC(=O)N*,3792490477.0,3.605531473,2.519597094,14
*NC(=O)CCCCCCCCCC*,3499989337.0,3.487389163,2.519597094,15
*CCCCCCCCCCCC(=O)N*,3294066148.0,3.388890014,2.519597094,16
*CCCCCCCCCCCCC(=O)N*,3551872547.0,3.306409851,2.519597094,17
*NC(=O)c1ccc(cc1)CC(=O)NCCCCCC*,4408889295.0,2.99386057,3.309091557,21
*NC(=O)c1cc(ccc1)C(=O)Nc1ccc(cc1)c1ccc(cc1)*,4117076696.0,2.767272941,3.605636431,26
*CCCCCCNC(=O)c1cccc(C(=O)N*)c1,4368675598.0,3.028402609,3.188192361,20
*NC(=O)c1ccc(cc1)CC(=O)NCCC*,5073582797.0,3.11351358,2.904048023,18
*NC1CC(C)(C)CC(C)(CNC(=O)CCCCC(*)=O)C1,4031688613.0,4.435689684,3.209060086,22
*Cc1cccc(CNC(=O)CCCCC(=O)N*)c1,5139044264.0,3.079213048,3.393070473,20
*NC(=O)c1ccc(cc1)C(=O)Nc1ccc(cc1)*,5053810718.0,2.915440246,2.817231962,20
*NC(=O)c1ccc(cc1)C(=O)Nc1ccc(cc1)c1ccc(cc1)*,4885434561.0,2.715349864,3.312473425,26
*NC(=O)c1ccc(cc1)C(=O)NCCCCCC*,3912692816.0,2.959789971,2.824449246,20
*CCCCCCCCCNC(=O)c1ccc(C(=O)N*)cc1,4127442738.0,2.877959181,2.824449246,23
*S(=O)(=O)c1ccc(cc1)NC(=O)CCCCC(=O)Nc1ccc(cc1)*,4590004270.0,2.87854627,2.468715415,27
*NC(=O)C*,7351667523.0,6.046567471,1.587253429,6
*NC(CCC(=O)OC)C(*)=O,4812664259.0,4.416238181,1.79842612,12
*C(=O)CCCCCCCCC(=O)N1CCN(*)CC1,4354829662.0,3.323024037,3.097533951,20
*CCCC(=O)N*,5463803474.0,5.16208855,2.169985549,8
*CCCCNC(=O)CCCCCCC(=O)N*,4645767478.0,3.314842195,2.889918099,18
*CCCCNC(=O)CCCCCCCCC(=O)N*,3865180353.0,3.196695191,2.889918099,20
*CCCCCCCCCCCNC(=O)CCCCC(=O)N*,4032767157.0,3.08206214,2.889918099,23
*CCCCCCCCCCCCNC(=O)CCCCCCCCCCC(=O)N*,3402255895.0,2.888482035,2.889918099,30
*NC(=O)c1ccc(cc1)c1ccc(cc1)C(=O)NCCCCCC*,4272452519.0,2.748911818,3.523979337,26
*NC(=O)c1ccc(cc1)C(c1ccc(cc1)C(=O)NCCCCCC*)(C)C,3560063092.0,2.947466631,3.012797476,29
*CCCCCCCCCCC(=O)N(*)C,3237013155.0,3.475398126,2.549277828,16
*N(C(=O)CCCCC(=O)NCCCCCC*)C,3347708200.0,3.319664328,3.19433457,19
*N(C(=O)CCCCC(=O)N(CCCCCC*)C)C,3953817221.0,3.452892718,3.566662726,20
*N1C(CCC1)C(=O)*,3162749555.0,5.163540694,2.181473256,9
*NC(C(=O)*)CCC(=O)OCc1ccccc1,3491241872.0,3.446452651,1.808524743,18
*NC(C(=O)*)C,4204781604.0,5.981736612,1.863732549,7
*NC1CCC(CC2CCC(NC(=O)CCCCCCCCCCCCC(*)=O)CC2)CC1,3961435611.0,3.214223879,3.913213703,33
*NC(CCC(=O)OCCCCC)C(*)=O,3529685517.0,3.871021493,2.555381998,16
*NC(CCC(=O)OCCCCCC)C(*)=O,2611252158.0,3.779540221,2.668069883,17
*NC(CCC(=O)OCC)C(*)=O,3817869908.0,4.20357721,1.969077895,13
*NC(CCC(=O)OCCC)C(*)=O,3673446029.0,4.154452679,2.228235994,14
*N(C(=O)c1ccc(cc1)C(=O)N(CCCC*)C)C,3748954790.0,3.215792718,2.902915305,20
*CCCCCCNC(=O)c1ccc(C2(C)CC(C)(C)c3ccc(C(=O)N*)cc32)cc1,3116026680.0,3.759025228,4.102550521,32
*OC(=O)NCCCCC*,4372056774.0,4.229712644,2.551450216,11
*OC(=O)NCCCCCCNC(=O)OCCCC*,4561566223.0,3.362344642,3.113207045,20
*OC(=O)NCC(C(C(C(CNC(=O)OCCCC*)(F)F)(F)F)(F)F)(F)F,4116006600.0,3.964136391,3.164852691,28
*OC(=O)Nc1ccc(cc1)Cc1ccc(cc1)NC(=O)OCCCCCC*,4174658298.0,2.901114041,3.671580791,29
*OC(=O)Nc1ccc(cc1)Cc1ccc(cc1)NC(=O)OCc1cc(ccc1)C*,3818433207.0,2.826454784,3.639055022,31
*OC(=O)Nc1ccc(cc1)NC(=O)OCC*,4114899277.0,3.209251426,2.446621681,18
*OC(=O)Nc1cc(ccc1)NC(=O)OCC*,4614221924.0,3.279271426,2.834038509,18
*OC(=O)Nc1ccc(cc1)NC(=O)OCCCCCC*,4211757709.0,3.05613899,3.140526912,22
*OC(=O)Nc1ccc(cc1)c1ccc(cc1)NC(=O)OCC*,4362339056.0,2.879966967,2.999884295,24
*OC(=O)Nc1c2c(ccc1)c(ccc2)NC(=O)OCC*,3964238224.0,3.15298167,2.702308306,22
*NC(=O)NCCCCCC*,3762855121.0,3.991815687,2.482129879,12
*NC(=O)NCc1ccc(cc1)CNC(=O)NCCCCCC*,4235434672.0,3.001548415,3.4940665,24
*NC(=O)NCCCCCCNC(=O)Nc1ccc(cc1)Cc1ccc(cc1)*,3871789651.0,2.983618768,3.863923983,29
*NC(=O)Nc1ccc(cc1)Cc1ccc(cc1)*,3823413955.0,3.105387405,2.84111662,19
*C(CCCCNC(=O)NCCCCCCNC(=O)N*)C(=O)OC,3954283445.0,3.709897451,2.853139871,25
*c1ccc(Oc2ccc(N3C(=O)c4cc5C(=O)N(*)C(=O)c5cc4C3=O)cc2)cc1,3968029117.0,3.293570547,3.3051736,31
*c1ccc(Oc2ccc(Oc3ccc(N4C(=O)c5cc6C(=O)N(*)C(=O)c6cc5C4=O)cc3)cc2)cc1,3947028609.0,3.111143481,3.3051736,38
*C(=O)Oc1ccc(OC(=O)c2ccc3c(c2)C(=O)N(c2ccc(Oc4ccc(N5C(=O)c6ccc(*)cc6C5=O)cc4)cc2)C3=O)cc1,4583672859.0,3.221841323,4.149978272,49
*c1ccc(Sc2ccc(-n3c(=O)c4cc5c(=O)n(*)c(=O)c5cc4c3=O)cc2)cc1,3792338911.0,3.449385932,3.401892784,31
*n1c(=O)c2cc3c(cc2c1=O)c(=O)n(c3=O)CCCCCCCCC*,4226945961.0,3.423431193,3.226207594,27
*c1ccc(Oc2ccc(N3C(=O)c4ccc(Oc5ccc6c(c5)C(=O)N(*)C6=O)cc4C3=O)cc2)cc1,4384654190.0,3.110500617,3.805323472,38
*c1ccc2c(c1)C(=O)N(c1ccc(Cc3ccc(N4C(=O)c5ccc(C(F)(F)C(F)(F)C(*)(F)F)cc5C4=O)cc3)cc1)C2=O,3434229050.0,3.439918504,4.367314352,46
*c1cc2c(C(=O)N(C2=O)c2ccc(cc2)Oc2ccc(cc2)N2C(=O)c3c(C2=O)cc(cc3)C(C(C(*)(F)F)(F)F)(F)F)cc1,3287199329.0,3.42837235,4.328404726,46
*c1ccc(Cc2ccc(-n3c(=O)c4cc5c(=O)n(*)c(=O)c5cc4c3=O)c(C)c2)cc1C,3496222443.0,3.44561856,3.772495688,33
*c1ccc(-c2ccc(-n3c(=O)c4cc5c(=O)n(*)c(=O)c5cc4c3=O)c(C)c2)cc1C,1981828342.0,3.410419784,3.894907482,32
*c1ccc(-c2ccc(-n3c(=O)c4cc5c(=O)n(*)c(=O)c5cc4c3=O)c(OC)c2)cc1OC,2051675321.0,3.376698932,3.207823125,34
*c1cccc(N2C(=O)c3cc4C(=O)N(*)C(=O)c4cc3C2=O)c1,3617451928.0,3.559560077,3.169651377,24
*c1ccc(-n2c(=O)c3cc4c(=O)n(*)c(=O)c4cc3c2=O)c(C)c1,3094514588.0,3.603684042,3.156747602,25
*c1cccc(-n2c(=O)c3cc4c(=O)n(*)c(=O)c4cc3c2=O)c1C,2462185424.0,3.578516621,3.316532854,25
*c1c(C)c(C)c(-n2c(=O)c3cc4c(=O)n(*)c(=O)c4cc3c2=O)c(C)c1C,2080841198.0,3.729581557,2.968309002,28
*c1ccc(Oc2cccc(Oc3ccc(N4C(=O)c5cc6C(=O)N(*)C(=O)c6cc5C4=O)cc3)c2)cc1,4126793451.0,3.252291283,3.585718606,38
*c1ccc(Oc2ccc(-c3ccc(Oc4ccc(-n5c(=O)c6cc7c(=O)n(*)c(=O)c7cc6c5=O)cc4)cc3)cc2)cc1,3765384995.0,3.083649325,3.669150631,44
*c1cccc(Oc2ccc(S(=O)(=O)c3ccc(Oc4cccc(-n5c(=O)c6cc7c(=O)n(*)c(=O)c7cc6c5=O)c4)cc3)cc2)c1,3678945229.0,3.377334741,4.268808468,47
*c1ccc(Oc2ccc(C(C)(C)c3ccc(Oc4ccc(N5C(=O)c6cc7C(=O)N(*)C(=O)c7cc6C5=O)cc4)cc3)cc2)cc1,4119013756.0,3.301621558,3.626392259,47
*c1ccc(Oc2ccc(N3C(=O)c4ccc(-c5ccc6c(c5)C(=O)N(*)C6=O)cc4C3=O)cc2)cc1,3813634384.0,3.146059362,4.066948194,37
*c1ccc(Oc2ccc(N3C(=O)c4ccc(-c5cccc6c5C(=O)N(*)C6=O)cc4C3=O)cc2)cc1,3138984279.0,3.197436505,4.08332782,37
*N1C(=O)c2c(C1=O)cc(cc2)c1cc2c(C(=O)N(C2=O)c2ccc(cc2)Sc2ccc(cc2)*)cc1,3829482425.0,3.275163538,3.958377334,37
*c1ccc(Cc2ccc(N3C(=O)c4ccc(-c5ccc6c(c5)C(=O)N(*)C6=O)cc4C3=O)cc2)cc1,4076180886.0,3.159914747,4.098620885,37
*c1ccc2c(c1)Cc1cc(N3C(=O)c4ccc(-c5ccc6c(c5)C(=O)N(*)C6=O)cc4C3=O)ccc1-2,3964064361.0,3.366306835,3.823556452,37
*N1C(=O)c2c(C1=O)cc(cc2)c1cc2c(C(=O)N(C2=O)c2ccc(cc2)c2ccc(cc2)*)cc1,3948933876.0,3.044827225,3.856354973,36
*c1ccc(N2C(=O)c3ccc(-c4ccc5c(c4)C(=O)N(*)C5=O)cc3C2=O)cc1,3307410034.0,3.208262494,3.756034905,30
*c1cccc(N2C(=O)c3ccc(-c4ccc5c(c4)C(=O)N(*)C5=O)cc3C2=O)c1,3489332712.0,3.212149307,3.754148196,30
*c1ccc(C)c(N2C(=O)c3ccc(-c4ccc5c(c4)C(=O)N(*)C5=O)cc3C2=O)c1,2764956475.0,3.265452899,3.803087094,31
*c1ccc(N2C(=O)c3ccc(-c4ccc5c(c4)C(=O)N(*)C5=O)cc3C2=O)c(C)c1,3471301284.0,3.269719446,3.714671913,31
*c1cccc(N2C(=O)c3ccc(-c4ccc5c(c4)C(=O)N(*)C5=O)cc3C2=O)c1C,2669023856.0,3.247518909,3.656765468,31
*c1ccc(-c2ccc(N3C(=O)c4ccc(-c5ccc6c(c5)C(=O)N(*)C6=O)cc4C3=O)c(C)c2)cc1C,2529685499.0,3.233764916,3.876378921,38
*c1ccc(-c2ccc(N3C(=O)c4ccc(-c5ccc6c(c5)C(=O)N(*)C6=O)cc4C3=O)c(OC)c2)cc1OC,2562772081.0,3.253552206,3.335723025,40
*c1ccc(-c2ccc(-c3ccc(N4C(=O)c5ccc(-c6ccc7c(c6)C(=O)N(*)C7=O)cc5C4=O)cc3)cc2)cc1,3007084942.0,2.944517471,3.856354973,42
*c1cccc2c(N3C(=O)c4ccc(-c5ccc6c(c5)C(=O)N(*)C6=O)cc4C3=O)cccc12,1916161057.0,3.199695035,3.508111207,34
*c1ccc(Cc2ccc(N3C(=O)c4ccc(-c5ccc6c(c5)C(=O)N(*)C6=O)cc4C3=O)c(C)c2)cc1C,3197865271.0,3.297609104,4.138879469,39
*c1ccc(N2C(=O)c3ccc(-c4ccc5c(c4)C(=O)N(*)C5=O)cc3C2=O)nc1,3452359808.0,3.34763722,3.747184127,30
*c1ccc(Oc2ccc(-c3ccc(Oc4ccc(N5C(=O)c6ccc(-c7ccc8c(c7)C(=O)N(*)C8=O)cc6C5=O)cc4)cc3)cc2)cc1,3784292770.0,3.068756278,4.158967516,50
*N1C(=O)c2c(C1=O)cc(cc2)Oc1cc2c(C(=O)N(C2=O)CCCCCC*)cc1,4418823961.0,3.192146674,3.380000069,31
*c1ccc(N2C(=O)c3ccc(Oc4ccc5c(c4)C(=O)N(*)C5=O)cc3C2=O)cc1,3813225363.0,3.215758346,3.691989107,31
*N1C(=O)c2c(C1=O)cc(cc2)Oc1cc2c(C(=O)N(C2=O)c2ccc(cc2)c2ccc(cc2)*)cc1,3294359530.0,3.146882219,4.122996193,37
*c1cccc(Oc2ccc(N3C(=O)c4ccc(Oc5ccc6c(c5)C(=O)N(*)C6=O)cc4C3=O)cc2)c1,3974948374.0,3.179297505,3.886046292,38
*c1ccc(Oc2cccc(Oc3ccc(N4C(=O)c5ccc(Oc6ccc7c(c6)C(=O)N(*)C7=O)cc5C4=O)cc3)c2)cc1,3785200016.0,3.151384514,3.937258573,45
*c1ccc(Oc2ccc(Oc3ccc(N4C(=O)c5ccc(Oc6ccc7c(c6)C(=O)N(*)C7=O)cc5C4=O)cc3)cc2)cc1,3880141476.0,3.042445592,3.805323472,45
*c1cccc(Oc2ccc(N3C(=O)c4ccc(C(c5ccc6c(c5)C(=O)N(*)C6=O)(C(F)(F)F)C(F)(F)F)cc4C3=O)cc2)c1,3213713456.0,3.60486423,4.381904535,46
*c1ccc(Oc2ccc(N3C(=O)c4ccc(C(c5ccc6c(c5)C(=O)N(*)C6=O)(C(F)(F)F)C(F)(F)F)cc4C3=O)cc2)cc1,3140306481.0,3.563921801,3.923154407,46
*c1cc2c(C(=O)N(C2=O)c2cc(ccc2)C(=O)c2cc(ccc2)N2C(=O)c3c(C2=O)cc(cc3)C(=O)*)cc1,4071845063.0,3.219407838,3.987168268,40
*c1cc2c(C(=O)N(C2=O)c2cc(ccc2)NC(=O)c2cc(ccc2)N2C(=O)c3c(C2=O)cc(cc3)C(=O)*)cc1,4000359560.0,3.161191438,4.220102671,41
*C(=O)c1ccc2c(c1)C(=O)N(c1cccc(C(=O)Nc3ccc(N4C(=O)c5ccc(*)cc5C4=O)cc3)c1)C2=O,4469268878.0,3.130153177,4.337920092,41
*C(=O)c1ccc2c(c1)C(=O)N(c1ccc(C(=O)Nc3cccc(N4C(=O)c5ccc(*)cc5C4=O)c3)cc1)C2=O,4055015054.0,3.131406555,4.209737972,41
*C(=O)c1ccc2c(c1)C(=O)N(c1cccc(C(=O)N(C)c3ccc(N4C(=O)c5ccc(*)cc5C4=O)cc3)c1)C2=O,3658763550.0,3.280234688,4.670167599,42
*c1cccc(N2C(=O)c3ccc(C(=O)c4ccc5c(c4)C(=O)N(*)C5=O)cc3C2=O)c1,3816863397.0,3.234377818,3.259579484,32
*C(=O)c1ccc2c(c1)C(=O)N(c1ccc(C)c(N3C(=O)c4ccc(*)cc4C3=O)c1)C2=O,3176047194.0,3.248698865,3.939732199,33
*C(=O)c1ccc2c(c1)C(=O)N(c1ccc(N3C(=O)c4ccc(*)cc4C3=O)c(C)c1)C2=O,3629863441.0,3.235733691,3.796543371,33
*C(=O)c1ccc2c(c1)C(=O)N(c1cccc(N3C(=O)c4ccc(*)cc4C3=O)c1C)C2=O,3091262226.0,3.282422618,3.826823801,33
*C(=O)c1ccc2c(c1)C(=O)N(c1c(C)c(C)c(N3C(=O)c4ccc(*)cc4C3=O)c(C)c1C)C2=O,2567451567.0,3.575081931,3.066299263,36
*C(=O)c1ccc2c(c1)C(=O)N(c1ccc(-c3ccc(N4C(=O)c5ccc(*)cc5C4=O)c(C)c3)cc1C)C2=O,2843355191.0,3.271240623,4.018528113,40
*C(=O)c1ccc2c(c1)C(=O)N(c1ccc(-c3ccc(N4C(=O)c5ccc(*)cc5C4=O)c(OC)c3)cc1OC)C2=O,3050393229.0,3.28441812,3.820239975,42
*C(=O)c1ccc2c(c1)C(=O)N(c1ccc(-c3ccc(-c4ccc(N5C(=O)c6ccc(*)cc6C5=O)cc4)cc3)cc1)C2=O,3859104631.0,2.990765875,3.806736187,44
*C(=O)c1ccc2c(c1)C(=O)N(c1ccc3c(c1)Cc1cc(N4C(=O)c5ccc(*)cc5C4=O)ccc1-3)C2=O,4027472627.0,3.364727902,3.617183954,39
*c1ccc(Oc2ccc(N3C(=O)c4ccc(C(=O)c5ccc6c(c5)C(=O)N(*)C6=O)cc4C3=O)cc2)cc1,3729923242.0,3.191818391,3.537933024,39
*C(=O)c1ccc2c(c1)C(=O)N(c1ccc(Sc3ccc(N4C(=O)c5ccc(*)cc5C4=O)cc3)cc1)C2=O,3965029091.0,3.246898391,3.598921548,39
*C(=O)c1ccc2c(c1)C(=O)N(c1ccc(Cc3ccc(N4C(=O)c5ccc(*)cc5C4=O)cc3)cc1)C2=O,3923638668.0,3.136888182,3.888748209,39
*C(=O)c1ccc2c(c1)C(=O)N(c1ccc(Cc3ccc(N4C(=O)c5ccc(*)cc5C4=O)c(C)c3)cc1C)C2=O,3466690930.0,3.317636511,4.030861296,41
*C(=O)c1ccc2c(c1)C(=O)N(c1ccc(N3C(=O)c4ccc(*)cc4C3=O)nc1)C2=O,3533102195.0,3.341189227,3.798253525,32
*C(=O)c1ccc2c(c1)C(=O)N(c1ccc(-c3ccc(N4C(=O)c5ccc(*)cc5C4=O)cc3)cc1)C2=O,3684960841.0,3.063131557,3.806736187,38
*c1ccc(N2C(=O)c3ccc(C(=O)c4ccc5c(c4)C(=O)N(*)C5=O)cc3C2=O)cc1,3667718097.0,3.230709366,3.348847852,32
*c1cc2c(C(=O)N(C2=O)c2cc(ccc2)OCCOCCOc2cc(ccc2)N2C(=O)c3c(C2=O)cc(cc3)C(=O)*)cc1,4519866251.0,3.315869875,4.010211635,45
*c1cccc(N2C(=O)c3ccc(Oc4ccc(C(C)(C)c5ccc(Oc6ccc7c(c6)C(=O)N(*)C7=O)cc5)cc4)cc3C2=O)c1,3719451391.0,3.349934944,3.95241206,47
*N1C(=O)c2c(C1=O)cc(cc2)Oc1ccc(cc1)S(=O)(=O)c1ccc(cc1)Oc1cc2c(C(=O)N(C2=O)c2cc(ccc2)*)cc1,3958748405.0,3.287407616,4.309869971,47
*c1ccc2c(c1)C(=O)N(c1ccc(Cc3ccc(N4C(=O)c5ccc(C(*)(C(F)(F)F)C(F)(F)F)cc5C4=O)cc3)cc1)C2=O,2800437018.0,3.439269482,4.004246047,46
*c1ccc2c(c1)C(=O)N(c1ccc(C(C)(C)c3ccc(N4C(=O)c5ccc(C(*)(C(F)(F)F)C(F)(F)F)cc5C4=O)cc3)cc1)C2=O,2076458750.0,3.522223703,3.989226737,48
*C(=O)NCCNC(=O)c1ccc(N2C(=O)c3ccc(*)cc3C2=O)cc1,4858221089.0,3.098628116,4.401016192,27
*c1cc2c(C(=O)N(C2=O)c2ccc(cc2)C(=O)NCCCCCCNC(=O)*)cc1,4662660024.0,3.051683014,4.486465623,31
*C(=O)Nc1ccc(Cc2ccc(NC(=O)c3ccc(N4C(=O)c5ccc(*)cc5C4=O)cc3)cc2)cc1,3834239426.0,2.924800069,4.345237653,38
*C(=O)NC1CCC(CC2CCC(NC(=O)c3ccc(N4C(=O)c5ccc(*)cc5C4=O)cc3)CC2)CC1,3865539510.0,3.28020648,4.441589392,38
*c1cccc(N2C(=O)c3ccc(Oc4ccc5c(c4)C(=O)N(*)C5=O)cc3C2=O)c1,3318658468.0,3.219511131,3.539354489,31
*N1C(=O)c2c(C1=O)cc(cc2)Oc1cc2c(C(=O)N(C2=O)c2ccc(cc2)Cc2ccc(cc2)*)cc1,3913216309.0,3.180905198,3.866858931,38
*c1cccc(Oc2ccc(N3C(=O)c4ccc(-c5ccc6c(c5)C(=O)N(*)C6=O)cc4C3=O)cc2)c1,4118876958.0,3.15826112,4.365574602,37
*C(=O)Nc1ccccc1NC(=O)c1ccc(N2C(=O)c3ccc(*)cc3C2=O)cc1,3826565645.0,2.96919495,3.964160166,31
*C(=O)Nc1cccc(NC(=O)/C=C/c2cccc(N3C(=O)c4ccc(*)cc4C3=O)c2)c1,3716160830.0,3.147674296,4.297027714,33
*C(=O)Nc1cccc(/C=C/C(=O)/C=C/c2cccc(NC(=O)c3ccc(N4C(=O)c5ccc(*)cc5C4=O)cc3)c2)c1,3647929972.0,3.297106407,4.733552204,43
*c1ccc2c(c1)C(=O)N(c1ccc(Oc3ccc(N4C(=O)c5ccc(C(C)(C)CCCCC(*)(C)C)cc5C4=O)cc3)cc1)C2=O,4153971740.0,3.43609786,4.36129486,47
*c1ccc(Oc2cccc3c(Oc4ccc(-n5c(=O)c6cc7c(=O)n(*)c(=O)c7cc6c5=O)cc4)cccc23)cc1,3598450020.0,3.268556062,3.471495887,42
*N1C(=O)c2c(C1=O)cc(cc2)Oc1cc2c(C(=O)N(C2=O)c2ccc(cc2)Oc2c3c(ccc2)c(ccc3)Oc2ccc(cc2)*)cc1,3935563882.0,3.263301137,4.192914853,49
*C(=O)c1ccc2c(c1)C(=O)N(c1ccc(Oc3cccc4c(Oc5ccc(N6C(=O)c7ccc(*)cc7C6=O)cc5)cccc34)cc1)C2=O,3471032261.0,3.273357967,4.150355779,50
*c1ccc(N2C(=O)c3ccc(C(c4ccc5c(c4)C(=O)N(*)C5=O)(C(F)(F)F)C(F)(F)F)cc3C2=O)cc1,2808365283.0,3.600651626,3.700106934,39
*c1ccc2c(c1)C(=O)N(c1c(C)cc(C)c(N3C(=O)c4ccc(C(*)(C(F)(F)F)C(F)(F)F)cc4C3=O)c1C)C2=O,1849441532.0,3.81070128,3.807119752,42
*c1ccc2c(c1)C(=O)N(c1c(C)c(C)c(N3C(=O)c4ccc(C(*)(C(F)(F)F)C(F)(F)F)cc4C3=O)c(C)c1C)C2=O,1926719967.0,3.808669477,3.327340293,43
*c1ccc(Oc2cc3ccccc3cc2Oc2ccc(N3C(=O)c4ccc(-c5ccc6c(c5)C(=O)N(*)C6=O)cc4C3=O)cc2)cc1,3625618268.0,3.294481153,4.24722501,48
*c1ccc(Oc2cc3ccccc3cc2Oc2ccc(N3C(=O)c4ccc(Oc5ccc6c(c5)C(=O)N(*)C6=O)cc4C3=O)cc2)cc1,3866670748.0,3.294090662,4.08947431,49
*C(=O)c1ccc2c(c1)C(=O)N(c1ccc(Oc3cc4ccccc4cc3Oc3ccc(N4C(=O)c5ccc(*)cc5C4=O)cc3)cc1)C2=O,3575601139.0,3.303716869,3.970481041,50
*c1ccc(C(c2ccccc2)(c2ccc(-n3c(=O)c4cc5c(=O)n(*)c(=O)c5cc4c3=O)cc2)C(F)(F)F)cc1,2324499409.0,3.983253198,3.578530035,41
*c1ccc(N2C(=O)c3ccc(-c4cccc5c4C(=O)N(*)C5=O)cc3C2=O)cc1,3227643848.0,3.272483923,3.861607568,30
*CC1(C)CC(*)(C)C(=O)OC1=O,4096540211.0,5.586864984,2.434162527,13
*OC(=O)OCCCCCC*,3128961285.0,4.112256247,2.722940401,12
*OC(=O)OCC(C(C(C(C*)(F)F)(F)F)(F)F)(F)F,3638408190.0,4.195066816,2.161465558,20
*Oc1ccc(cc1)C(c1ccc(cc1)OC(=O)*)(C)C,3574291595.0,3.13200622,2.67189323,21
*Oc1ccc(C(C)(CCC)c2ccc(OC(*)=O)cc2)cc1,3243133187.0,3.68925895,3.366995644,23
*Oc1ccc(C(C)(C)c2ccc(OC(*)=O)c(C)c2)cc1C,3167461366.0,3.312540269,2.848698266,23
*Oc1c(Cl)cc(C(C)(C)c2cc(Cl)c(OC(*)=O)c(Cl)c2)cc1Cl,2337609718.0,3.514363824,2.652953165,25
*Oc1c(Br)cc(C(C)(C)c2cc(Br)c(OC(*)=O)c(Br)c2)cc1Br,2743583258.0,3.711841446,2.488636034,25
*Oc1ccc(C(C)(c2ccccc2)c2ccc(OC(*)=O)cc2)cc1,3282341443.0,3.420965201,2.333558996,26
*Oc1ccc(C(CCC)(CCC)c2ccc(OC(*)=O)cc2)cc1,2460923534.0,3.317005302,3.200200981,25
*Oc1ccc(cc1)C1(CCCC1)c1ccc(cc1)OC(=O)*,3369741625.0,3.233057255,2.837733878,23
*Oc1ccc(C2(c3ccc(OC(*)=O)cc3)CCCCC2)cc1,3523558398.0,3.195791332,2.855560499,24
*Oc1ccc(C2(c3ccc(OC(*)=O)c(C)c3)CCCCC2)cc1C,2658336258.0,3.37883518,3.044244188,26
*Oc1ccc(cc1)C1(c2ccccc2c2ccccc12)c1ccc(cc1)OC(=O)*,2687014664.0,2.999285242,3.216550518,31
*Oc1ccc(cc1)C(c1ccc(cc1)OC(=O)*)(c1ccccc1)c1ccccc1,2627008463.0,2.883469211,2.629310272,31
*Oc1ccc(cc1)C(c1ccc(cc1)OC(=O)*)(C(F)(F)F)C(F)(F)F,2684243108.0,3.371620193,2.787463495,27
*Oc1ccc(cc1)C(c1ccc(cc1)OC(=O)*)(c1ccccc1)C#N,3322036493.0,3.64199167,2.600793934,27
*Oc1c(C)cc(C(C)(C)c2cc(C)c(OC(*)=O)c(C)c2)cc1C,2332875791.0,3.488039348,2.527193613,25
*Oc1c(cc(cc1)C(c1ccc(cc1)C(c1cc(c(cc1)OC(=O)*)C)(C)C)(C)C)C,3019286088.0,3.24983283,2.894064725,32
*Oc1cc(ccc1)CCCCCCCCCCc1cc(ccc1)OC(=O)*,3343238106.0,2.885108399,3.427474987,28
*Oc1ccc(C(C)(C)c2ccc(OC(*)=O)c(C(C)C)c2)cc1C(C)C,2880708481.0,3.38694327,2.879331224,27
*Oc1ccc(cc1)C(=O)CCCCCCCCC(=O)c1ccc(cc1)OC(=O)*,4101289636.0,2.885337743,3.141912556,30
*Oc1ccc(cc1)S(=O)(=O)c1ccc(cc1)OC(=O)*,3648293160.0,3.02351683,2.74334931,21
*OC(=O)OCc1ccc(cc1)C*,3812927311.0,3.526469935,2.420750911,14
*Oc1ccc(C(=C(Cl)Cl)c2ccc(OC(*)=O)cc2)cc1,3033955926.0,3.310275186,3.053403735,22
*Oc1ccc(cc1)OC(=O)Oc1ccc(cc1)c1ccc(cc1)OC(=O)*,3814764473.0,2.808274525,2.857016095,28
*Oc1cc2c(cc1)ccc(c2)OC(=O)Oc1ccc(cc1)OC(=O)*,3404827218.0,3.059641963,3.111209708,26
*Oc1c2c(ccc1)c(ccc2)OC(=O)Oc1ccc(cc1)OC(=O)*,3793210630.0,3.01956109,2.968629567,26
*c1ccc(-c2nc3cc(-c4ccc5nc(-c6ccccc6)c(*)nc5c4)ccc3nc2-c2ccccc2)cc1,1965191764.0,2.939774056,4.09267426,40
*c1ccc(-c2nc3cc(-c4ccc5nc(*)c(-c6ccccc6)nc5c4)ccc3nc2-c2ccccc2)cc1,2142934636.0,2.939774056,4.09267426,40
*c1cccc(-c2nc3cc(-c4ccc5nc(*)c(-c6ccccc6)nc5c4)ccc3nc2-c2ccccc2)c1,2275700392.0,3.011641765,3.975291244,40
*c1ccc(-c2nc3cc(-c4ccc5nc(*)c(-c6ccc7ccccc7c6)nc5c4)ccc3nc2-c2ccc3ccccc3c2)cc1,2379762386.0,3.107966358,4.301704645,48
*c1cccc(-c2nc3cc(-c4ccc5nc(*)c(-c6ccc7ccccc7c6)nc5c4)ccc3nc2-c2ccc3ccccc3c2)c1,2028674013.0,3.151976385,4.228807868,48
*N=P(*)(OCC(F)(F)F)OCC(F)(F)F,1714160277.0,4.462724245,2.105224802,16
*Oc1ccc(C(=O)c2ccc(*)cc2)cc1,3610479904.0,3.211811774,2.787866059,17
*CCCCCCS(*)(=O)=O,4255624437.0,4.34158336,2.982414575,11
*OS(=O)(=O)c1ccc(*)cc1,4657531412.0,4.178691561,1.789250398,12
*CCc1ccc(*)c(C)c1,3615057365.0,4.26452649,2.866454114,11
*CCc1cc(C)c(*)cc1C,3182341933.0,4.346883388,2.820928192,12
*CCc1ccc(*)c(Cl)c1,3288420521.0,4.286984952,2.743024894,11
*c1ccc(C(Cl)(Cl)C(*)Cl)cc1,2592971007.0,5.024181735,2.205863911,13
*C1CCC(*)C1,3233111019.0,6.681745324,1.704795722,7
*C1C2CC(C)C(C2)C1*,2652759232.0,6.820154374,2.580275855,10
*C1CC2CC1C(*)C2CCCC,1941479984.0,6.231347834,3.334118078,13
*C1CC2CC1C(*)C2CCCCCC,2155393450.0,5.843168675,3.804391408,15
*CC(*)(C)c1ccc2ccccc2c1,2235231569.0,3.611113113,2.533708709,15
*CCC(c1ccccc1)C(*)c1ccccc1,2485953765.0,3.76577237,2.29228728,18
*/C(Cl)=C(/*)c1ccccc1,1296934059.0,3.61370649,1.680517568,11
*/C=C(/*)c1ccc(C#C)cc1,2240651457.0,4.02976254,2.505362738,12
*/C=C(/*)c1cccc(C#C)c1,2855260352.0,4.115507995,2.53422421,12
*/C=C/C(C(=O)OCc1ccc(Cl)cc1)C(*)C(=O)OCc1ccc(Cl)cc1,3134946956.0,3.816768927,2.515738781,28
*/C=C(/*)c1ccc(-c2ccc(C#C)cc2)cc1,2561000538.0,3.175514974,3.020953142,18
*CC(*)C(=O)OCC(C)O,4351756849.0,5.249864381,2.005772376,11
*CC(*)(CC(=O)OCCCCCCCC)C(=O)OCCCCCCCC,2302011729.0,3.577973648,2.907005616,27
*CC(*)(CC(=O)OCCCCCCCCC)C(=O)OCCCCCCCCC,2427072791.0,3.549309873,2.907005616,29
*CC(*)C(=O)n1c2ccccc2c2ccccc21,2658559935.0,3.493310989,2.719834365,19
*CC(*)C(=O)OC(OCC)C(F)(F)F,2238059130.0,5.196422467,2.476622528,15
*CC(*)(C)C(=O)OC(OCC)C(F)(F)F,1891195863.0,5.089209059,2.31761182,16
*CC(*)(CC(=O)Oc1ccc(OCCCCCCC)cc1)C(=O)Oc1ccc(OCCCCCCC)cc1,2229605023.0,3.446974934,2.94185601,39
*CC(*)(C)C(=O)Oc1c(C)cccc1C,2760702255.0,3.912438359,2.288314982,16
*CC(*)(C)C(=O)OCCCCCCN(C)c1ccc(/N=N/c2ccc(S(C)(=O)=O)cc2)cc1,4108683031.0,3.750380399,3.827001685,34
*C([2H])([2H])C(*)(C(=O)OC([2H])([2H])[2H])C([2H])([2H])[2H],2340800084.0,6.356707147,2.5803046,17
*C(*)C(=O)OC(C)C,1966798897.0,4.261394441,1.686427089,9
*CC(*)(C)C(=O)Oc1c(C(C)C)cccc1C(C)C,2131391150.0,3.890157624,2.657466374,20
*CC(*)(C)C(=O)OCC(=O)c1ccccc1,3632763422.0,3.571263967,2.213021911,17
*CC(*)(C)C(=O)OCc1ccc(Cl)c(Cl)c1,2794987090.0,3.75870196,2.411672278,17
*CC(*)(C)C(=O)OCc1cccc(Cl)c1,2808167802.0,3.739325249,2.233341541,16
*CC(*)(C)C(=O)OCc1ccc(Cl)cc1,2940690457.0,3.648233657,2.161163125,16
*CC(*)(C)C(=O)OCc1cccc(Cl)c1Cl,2871305936.0,3.917458884,2.535606691,17
*CC(*)(C)C(=O)OCc1ccc(Cl)cc1Cl,2637847331.0,3.801898884,2.402814352,17
*CC(*)(C)C(=O)OCc1cc(Cl)ccc1Cl,2859009318.0,3.852363499,2.618645161,17
*CC(*)(C)C(=O)OCc1c(Cl)cccc1Cl,2931352008.0,3.855428114,2.147406127,17
*CC(*)(C)C(=O)OCc1cc(Cl)cc(Cl)c1,2903009535.0,3.900345037,2.176784169,17
*/C=C(/*)C(C)(C)C,1349193367.0,5.328726144,1.870090662,8
*C1C(*)C2CC1C1C=CCC12,2688665108.0,6.74773977,2.135393619,12
*/C(C)=C(/*)C(C)C,920801750.1,5.190723715,1.754350644,8
*OC1C(CO)OC(*)C(O)C1O,5446384923.0,5.721527907,2.117642602,13
*Oc1cc(C)c(*)c(C)c1Br,2008363408.0,4.512918733,2.367525208,12
*CCC(C)CO*,2724832110.0,5.92867294,2.991336113,8
*Oc1ccc2[nH]c(-c3ccc4c(c3)-c3cc(-c5nc6cc(*)ccc6[nH]5)ccc3S4(=O)=O)nc2c1,3444755859.0,3.649209624,4.993389435,36
*C1Oc2ccccc2C1*,2041306593.0,4.700132992,2.11158162,11
*Oc1ccc2[nH]c(-c3ccc4sc5ccc(-c6nc7cc(*)ccc7[nH]6)cc5c4c3)nc2c1,3631436340.0,3.461844323,4.578550702,34
*OC(F)(F)C(F)(F)C(*)(F)F,2517390095.0,4.808676726,1.742468832,12
*c1ccc(Oc2ccc(C(=O)c3ccc(Oc4ccc(C5(*)OC(=O)c6ccccc65)cc4)cc3)cc2)cc1,3756261154.0,3.529946429,3.348287774,40
*Oc1cccc(Oc2cccc(*)c2)c1C#N,3317454616.0,3.522923118,2.932454882,18
*Oc1ccc(NC(=O)c2ccc(C(c3ccc(C(=O)O)c(C(=O)Nc4cc(*)ccc4N)c3)(C(F)(F)F)C(F)(F)F)cc2C(=O)O)c(N)c1,3860889098.0,3.734884557,3.646617471,50
*c1ccc2c(c1)-c1nc3cc(Oc4ccc5c(c4)nc4n5C(=O)c5cc(C(*)(C(F)(F)F)C(F)(F)F)ccc5-4)ccc3n1C2=O,2923145274.0,3.834144673,4.748494047,46
*Oc1ccc(S(=O)(=O)c2ccc(Oc3ccc(C(C)(C)c4ccc(*)cc4)cc3[N+](=O)[O-])cc2)cc1,2809304797.0,3.207464308,3.815168592,37
*Oc1ccc(S(=O)(=O)c2ccc(Oc3ccc(C(C)(C)c4ccc(*)cc4)cc3)c([N+](=O)[O-])c2)cc1[N+](=O)[O-],3391436919.0,3.350517361,3.658550373,40
*Oc1ccc(S(=O)(=O)c2ccc(Oc3c(C)cc(C(c4cc(C)c(*)c(C)c4)(C(F)(F)F)C(F)(F)F)cc3C)cc2)cc1,2574799643.0,3.604559715,3.853065451,44
*CC(=C)COCC(=C)COC(=O)O*,2925625835.0,4.681553503,2.466372783,15
*OC1C(COC(C)=O)OC(*)C(OC(C)=O)C1OC(C)=O,2395181471.0,4.863317927,2.656117061,22
*Oc1ccc(SC(=O)Sc2ccc(*)cc2)cc1,3264285134.0,3.930743815,2.250846559,19
*Oc1ccc(SC(=O)Oc2ccc(C(C)(C)c3ccc(OC(=O)Sc4ccc(*)cc4)cc3)cc2)cc1,3572149460.0,3.572493847,2.894318164,38
*OC1C(CO)OC(*)C(N)C1O,5932588331.0,5.879194875,2.465987938,13
*Oc1ccc(S(=O)(=O)c2ccc(Oc3ccc(C(=O)c4cc(Br)cc(C(=O)c5ccc(*)cc5)c4)cc3)cc2)cc1,3147680886.0,3.109746059,3.86821822,42
*Oc1ccc(S(=O)(=O)c2ccc(Oc3ccc(C(=O)c4cc(I)cc(C(=O)c5ccc(*)cc5)c4)cc3)cc2)cc1,3690754150.0,3.168639918,3.783014527,42
*Oc1ccc(S(=O)(=O)c2ccc(Oc3ccc(C(=O)c4cc(C(=O)c5ccc(*)cc5)cc(C(C)(C)C)c4)cc3)cc2)cc1,3237748640.0,3.179583138,4.104299354,45
*Oc1ccc(C(c2ccc(Oc3ccc(C(=O)c4cccc(C(=O)c5ccc(*)cc5)c4)cc3)cc2)(C(F)(F)F)C(F)(F)F)cc1,3802237609.0,3.287343578,3.913106871,47
*Oc1ccc(C(=O)Nc2cccc(C(O)Cc3ccc(NC(=O)c4ccc(*)cc4)cc3)c2)cc1,4605296857.0,3.269164139,4.571016023,36
*C1(OC(C(C1(C(C(*)(F)F)(F)F)F)(F)F)(F)F)F,2621970752.0,5.555869142,2.239212476,19
*Oc1ccc(Oc2ccc(C(=O)c3ccc(C(=O)c4ccc(*)cc4)c4ccccc34)cc2)cc1,2913167441.0,2.885794776,3.439255832,36
*Oc1ccc2c(c1)nc1n2C(=O)c2ccc(-c3ccc4c(c3)C(=O)n3c-4nc4ccc(*)cc43)cc2-1,3592434898.0,3.517302624,4.618888792,37
*Oc1ccc2c(c1)nc1c3cc4c(=O)n5c6cc(*)ccc6nc5c4cc3c(=O)n21,3447867949.0,3.659605864,4.596045898,31
*c1ccc2c(c1)-c1nc3cc(Oc4ccc5nc6n(c5c4)C(=O)c4cc(C(*)(C(F)(F)F)C(F)(F)F)ccc4-6)ccc3n1C2=O,3297322839.0,3.837106452,4.978925515,46
*c1ccc(*)s1,2017467421.0,5.872313465,2.156312526,7
*c1ccc2c(c1)-c1cc(-c3nc4cc(-c5ccc6[nH]c(*)nc6c5)ccc4[nH]3)ccc1S2(=O)=O,3427315260.0,3.652247193,4.715258237,35
*Cc1ccc2[nH]c(-c3ccc4c(c3)-c3cc(-c5nc6cc(*)ccc6[nH]5)ccc3S4(=O)=O)nc2c1,3264982776.0,3.651443648,4.998305105,36
*c1ccc2sc3ccc(-c4nc5cc(-c6ccc7[nH]c(*)nc7c6)ccc5[nH]4)cc3c2c1,2906301029.0,3.467230419,4.441193145,33
*Cc1ccc2[nH]c(-c3ccc4sc5ccc(-c6nc7cc(*)ccc7[nH]6)cc5c4c3)nc2c1,3375457117.0,3.464167708,4.574283424,34
*c1cc(CCCC)c(*)s1,2256378758.0,4.441480336,3.204201526,11
*Oc1ccc(C(C)(c2ccccc2)c2ccc(OC(=O)c3cccc(C(*)=O)c3)cc2)cc1,3088226955.0,3.377387732,3.014632215,34
*Oc1ccc(C(c2ccccc2)(c2ccccc2)c2ccc(OC(=O)c3cccc(C(*)=O)c3)cc2)cc1,2869891041.0,2.963291421,3.127064722,39
*Oc1ccc(C(C)(C)c2ccc(OC(=O)c3ccc(C(=O)c4ccc(C(*)=O)cc4)cc3)cc2)cc1,3403208770.0,2.902047832,3.294786419,37
*CCCCCCCCOC(=O)c1cccc(C(=O)O*)c1,3549134868.0,3.041692092,2.934417326,22
*c1cc(Br)c(OC(=O)c2ccc(C(=O)Oc3c(Br)cc(C4(*)OC(=O)c5ccccc54)cc3Br)cc2)c(Br)c1,2271575885.0,3.995261366,3.389849691,40
*CCCCCCS(=O)(=O)c1ccc(/N=N/c2ccc(N(C)CCCCCC(=O)O*)cc2)cc1,3856582542.0,3.405354622,4.099750885,35
*CCCS(=O)(=O)c1ccc(/N=N/c2ccc(N(CCCC)CC(=O)O*)cc2)cc1,3777632484.0,3.449650123,4.16467546,31
*Oc1ccc(OC(=O)c2cc(OCCCCCCCCCCCC)c(C(*)=O)cc2OCCCCCCCCCCCC)cc1,2937271650.0,3.123433169,3.903213399,46
*Oc1ccc2c(c1)C1(CC2(C)C)CC(C)(C)c2ccc(OC(=O)c3ccc(C(*)=O)cc3)cc21,2870494124.0,4.363324011,3.885628242,35
*Oc1ccc2c(c1)C1(CC2(C)C)CC(C)(C)c2ccc(OC(=O)c3cccc(C(*)=O)c3)cc21,3115171200.0,4.406344154,3.670918622,35
*CCOC(=O)NCC1(C)CC(NC(=O)O*)CC(C)(C)C1,3313565453.0,4.628974951,3.269034632,22
*Oc1ccc(C(C)(C)c2ccc(OC(=O)c3ccccc3/C=C/c3ccc(/C=C/c4ccccc4C(*)=O)cc3)cc2)cc1,2597455512.0,3.235922307,3.135862492,45
*Oc1ccc(C(C)(C)c2ccc(OC(=O)c3ccccc3/C=C/c3ccc(/C=C/c4ccccc4C(*)=O)cc3)c(C)c2)cc1C,2997371875.0,3.382570877,3.350567358,47
*Oc1ccc(S(=O)(=O)c2ccc(OC(=O)c3ccccc3/C=C/c3ccc(/C=C/c4ccccc4C(*)=O)cc3)cc2)cc1,3574198769.0,3.187144132,3.314098206,45
*Oc1cccc2c(OC(=O)c3ccccc3/C=C/c3ccc(/C=C/c4ccccc4C(*)=O)cc3)cccc12,3289844892.0,3.121413518,3.121347041,40
*Oc1cccc2ccc(OC(=O)c3ccccc3/C=C/c3ccc(/C=C/c4ccccc4C(*)=O)cc3)cc12,3040960596.0,3.132097735,3.608508766,40
*Oc1ccc2ccc(OC(=O)c3ccccc3/C=C/c3ccc(/C=C/c4ccccc4C(*)=O)cc3)cc2c1,3182657863.0,3.144216701,3.156805622,40
*Oc1cccc(OC(=O)c2ccccc2/C=C/c2ccc(/C=C/c3ccccc3C(*)=O)cc2)c1,2604122474.0,3.073779447,3.260877953,36
*Oc1ccccc1OC(=O)c1ccccc1/C=C/c1ccc(/C=C/c2ccccc2C(*)=O)cc1,3254247151.0,3.04583418,2.786511597,36
*Oc1ccc(OC(=O)c2ccccc2/C=C/c2ccc(/C=C/c3ccccc3C(*)=O)cc2)cc1,3507872768.0,3.03394779,2.905762426,36
*CCCCCCCCCCCCNC(=O)CCCCCCCCCCCCCCCCCCC(=O)N*,2889717981.0,2.772974201,2.889918099,38
*Nc1ccc(NC(=O)c2cc(C(*)=O)c(C(=O)OCC)cc2C(=O)OCC)cc1,3543827373.0,3.012842325,2.404537351,30
*Nc1cccc(C(O)Cc2ccc(NC(=O)c3ccc(C(*)=O)cc3)cc2)c1,4879130801.0,3.215799512,3.993512595,29
*c1ccc2c(c1)-c1nc3cc(-c4ccc5nc6n(c5c4)C(=O)c4cc(C(*)(C(F)(F)F)C(F)(F)F)ccc4-6)ccc3n1C2=O,2230145103.0,3.823159116,4.997762902,45
*CC(C)CNC(=O)O*,4343268036.0,5.223610307,2.731986195,10
*c1ccc(Oc2cccc(Oc3ccc(N4C(=O)c5ccc(-c6ccc7c(c6)C(=O)N(*)C7=O)cc5C4=O)cc3)c2)cc1,4073673115.0,3.190290622,4.474446795,44
*c1cccc(N2C(=O)c3ccc(C(c4ccc5c(c4)C(=O)N(*)C5=O)(C(F)(F)F)C(F)(F)F)cc3C2=O)c1,2766192657.0,3.621744106,3.666728472,39
*c1ccc2c(c1)C(=O)N(c1cccc(S(=O)(=O)c3cccc(N4C(=O)c5ccc(C(*)(C(F)(F)F)C(F)(F)F)cc5C4=O)c3)c1)C2=O,2986598750.0,3.638028742,4.227069741,48
*c1cc2c(C(=O)N(C2=O)c2ccc(cc2)Oc2ccc(cc2)NC(=O)*)cc1,4176331382.0,2.96277524,3.869124335,29
*c1ccc(S(=O)(=O)c2ccc(N3C(=O)c4cc5C(=O)N(*)C(=O)c5cc4C3=O)cc2)cc1,3529731260.0,3.378011291,3.602510532,33
*c1cccc(Oc2ccc(N3C(=O)c4cc5C(=O)N(*)C(=O)c5cc4C3=O)cc2)c1,4014814813.0,3.308296807,3.791165743,31
*c1ccc(-c2ccc(N3C(=O)c4ccc(-c5ccc6c(c5)C(=O)N(*)C6=O)cc4C3=O)cc2C(F)(F)F)c(C(F)(F)F)c1,2204368290.0,3.474829625,4.171479153,44
*c1ccc2c(c1)C(=O)N(c1ccc3c(c1)-c1cc(N4C(=O)c5ccc(C(*)(C(F)(F)F)C(F)(F)F)cc5C4=O)ccc1C3)C2=O,2603654625.0,3.690954768,3.829949035,46
*C(=O)Nc1ccc(NC(=O)c2ccc(N3C(=O)c4ccc(*)cc4C3=O)cc2)cc1,4354490115.0,2.897834738,3.915944417,31
*c1cccc(Oc2cccc(Oc3cccc(-n4c(=O)c5cc6c(=O)n(*)c(=O)c6cc5c4=O)c3)c2)c1,4126614701.0,3.303375898,3.63729194,38
*c1ccc(Oc2cccc(Oc3ccc(N4C(=O)c5ccc(C(=O)c6ccc7c(c6)C(=O)N(*)C7=O)cc5C4=O)cc3)c2)cc1,4136994492.0,3.279600192,4.064080553,46
*c1ccc(Oc2ccc(S(=O)(=O)c3ccc(Oc4ccc(N5C(=O)c6cc7C(=O)N(*)C(=O)c7cc6C5=O)cc4)cc3)cc2)cc1,3539028845.0,3.236782682,3.85093683,47
*c1ccc(-c2ccc(-n3c(=O)c4cc5c(=O)n(*)c(=O)c5cc4c3=O)cc2C(F)(F)F)c(C(F)(F)F)c1,2182243587.0,3.642474428,4.031692902,38
*c1ccc(S(=O)(=O)c2ccc(N3C(=O)c4ccc(-c5ccc6c(c5)C(=O)N(*)C6=O)cc4C3=O)cc2)cc1,3366727833.0,3.223713019,4.025478062,39
*CCCCCCN1C(=O)c2ccc(C(c3ccc4c(c3)C(=O)N(*)C4=O)(C(F)(F)F)C(F)(F)F)cc2C1=O,2699948949.0,3.599070699,3.242069099,39
*c1ccc2c(c1)C(=O)N(c1c(C)cc(Cc3cc(C)c(N4C(=O)c5ccc(C(*)(C(F)(F)F)C(F)(F)F)cc5C4=O)c(C)c3)cc1C)C2=O,2324202747.0,3.798954487,3.844417314,50
*c1ccc2c(c1)C(=O)N(c1cc(N3C(=O)c4ccc(C(*)(C(F)(F)F)C(F)(F)F)cc4C3=O)ccc1C)C2=O,2305577285.0,3.584545254,4.486027978,40
*c1ccc(S(=O)(=O)c2ccc(N3C(=O)c4ccc(C(c5ccc6c(c5)C(=O)N(*)C6=O)(C(F)(F)F)C(F)(F)F)cc4C3=O)cc2)cc1,2404672515.0,3.639060504,4.389813495,48
*c1ccc(S(=O)(=O)c2ccc(N3C(=O)c4ccc(C(=O)c5ccc6c(c5)C(=O)N(*)C6=O)cc4C3=O)cc2)cc1,3402196110.0,3.287507766,4.028084903,41
*c1ccc(-c2ccc(-n3c(=O)c4cc5c(=O)n(*)c(=O)c5cc4c3=O)cc2OC(F)(F)F)c(OC(F)(F)F)c1,2871487775.0,3.7348751,4.081546703,40
*C1CCC(N2C(=O)c3ccc(-c4ccc5c(c4)C(=O)N(*)C5=O)cc3C2=O)CC1,4384961283.0,3.350338868,3.512423683,30
*c1cc(C(c2ccc(O)c(-n3c(=O)c4cc5c(=O)n(*)c(=O)c5cc4c3=O)c2)(C(F)(F)F)C(F)(F)F)ccc1O,3176881576.0,3.873575623,3.337169941,41
*c1ccc(C(C)(C)c2ccc(N3C(=O)c4ccc(Oc5ccc6c(c5)C(=O)N(*)C6=O)cc4C3=O)cc2)cc1,3694900865.0,3.319191629,3.948237757,40
*c1ccc(S(=O)(=O)c2ccc(N3C(=O)c4ccc(Oc5ccc6c(c5)C(=O)N(*)C6=O)cc4C3=O)cc2)cc1,3904459765.0,3.263009624,4.17708969,40
*C(=O)Nc1cccc(NC(=O)c2ccc(N3C(=O)c4ccc(*)cc4C3=O)cc2)c1,3875427401.0,2.938076117,4.207497879,31
*C(=O)c1ccc2c(c1)C(=O)N(c1ccc(C(=O)Nc3ccc(N4C(=O)c5ccc(*)cc5C4=O)cc3)cc1)C2=O,4160548738.0,3.100368294,3.851455671,41
*c1cccc(Oc2ccc(N3C(=O)c4ccc(C(=O)c5ccc6c(c5)C(=O)N(*)C6=O)cc4C3=O)cc2)c1,3755748141.0,3.203465524,3.990220077,39
*c1ccc(-c2sc(-c3ccc(-n4c(=O)c5cc6c(=O)n(*)c(=O)c6cc5c4=O)cc3)c(-c3ccccc3)c2-c2ccccc2)cc1,2338929408.0,3.383557585,4.350872702,47
*c1ccc(Oc2c(C)cc(Cc3cc(C)c(Oc4ccc(-n5c(=O)c6cc7c(=O)n(*)c(=O)c7cc6c5=O)cc4)c(C)c3)cc2C)cc1,2153707098.0,3.545515707,3.867173727,49
*/C=C/C1CC(*)C2C(=O)N(CCCCC)C(=O)C12,2663701726.0,4.980631376,3.787587229,19
*/C=C/C1CC(*)C2C(=O)N(CCCCCC)C(=O)C12,2632811504.0,4.883589787,4.028507493,20
*c1cccc(P(=O)(c2cccc(-n3c(=O)c4cc5c(=O)n(*)c(=O)c5cc4c3=O)c2)c2cc(C(F)(F)F)cc(C(F)(F)F)c2)c1,2263702464.0,4.402371099,3.88197756,46
*c1cccc(P(=O)(c2ccc(C(F)(F)F)cc2)c2cccc(-n3c(=O)c4cc5c(=O)n(*)c(=O)c5cc4c3=O)c2)c1,2980928532.0,4.232409652,4.028165704,42
*c1cccc(P(=O)(c2ccccc2)c2cccc(-n3c(=O)c4cc5c(=O)n(*)c(=O)c5cc4c3=O)c2)c1,3097979758.0,4.111813445,3.572463009,38
*C(=O)Nc1cccc(C#Cc2cccc(N3C(=O)c4ccc(*)cc4C3=O)c2)c1,3427223859.0,3.251661363,3.937245362,30
*c1ccc(Oc2ccccc2Oc2ccc(-n3c(=O)c4cc5c(=O)n(*)c(=O)c5cc4c3=O)cc2)cc1,3619789167.0,3.247405386,3.567262858,38
*c1ccc(Oc2ccc(Oc3ccc(-n4c(=O)c5cc6c(=O)n(*)c(=O)c6cc5c4=O)cc3)cc2C(C)(C)C)cc1,3470022768.0,3.419439422,4.066467537,42
*c1ccc(Oc2ccc(Oc3ccc(-n4c(=O)c5cc6c(=O)n(*)c(=O)c6cc5c4=O)cc3)cc2-c2ccccc2)cc1,3163193507.0,3.304220963,4.188747687,44
*c1ccc(Oc2cc(C(C)(C)C)ccc2Oc2ccc(-n3c(=O)c4cc5c(=O)n(*)c(=O)c5cc4c3=O)cc2)cc1,3280025296.0,3.423503327,3.689345032,42
*c1ccc(Oc2ccc(Oc3ccc(N4C(=O)c5ccc(-c6ccc7c(c6)C(=O)N(*)C7=O)cc5C4=O)cc3)cc2)cc1,3387407838.0,3.067707573,4.066948194,44
*c1ccc(Oc2ccccc2Oc2ccc(N3C(=O)c4ccc(-c5ccc6c(c5)C(=O)N(*)C6=O)cc4C3=O)cc2)cc1,3790504633.0,3.18610271,4.353128004,44
*c1ccc(Oc2ccc(Oc3ccc(N4C(=O)c5ccc(-c6ccc7c(c6)C(=O)N(*)C7=O)cc5C4=O)cc3)c(C(C)(C)C)c2)cc1,3396707316.0,3.389245792,4.674162188,48
*c1ccc(Oc2ccc(Oc3ccc(N4C(=O)c5ccc(-c6ccc7c(c6)C(=O)N(*)C7=O)cc5C4=O)cc3)c(-c3ccccc3)c2)cc1,3410676762.0,3.299139528,4.842549743,50
*c1ccc(Oc2cc(C(C)(C)C)ccc2Oc2ccc(N3C(=O)c4ccc(-c5ccc6c(c5)C(=O)N(*)C6=O)cc4C3=O)cc2)cc1,2993471481.0,3.392767844,4.155489115,48
*C(=O)c1ccc2c(c1)C(=O)N(c1cc(C(c3ccc(O)c(N4C(=O)c5ccc(*)cc5C4=O)c3)(C(F)(F)F)C(F)(F)F)ccc1O)C2=O,3095790444.0,3.806693911,3.571459552,49
*c1ccc(Oc2ccc3ccc(Oc4ccc(-n5c(=O)c6cc7c(=O)n(*)c(=O)c7cc6c5=O)cc4)cc3c2)cc1,3704630531.0,3.262095341,3.778871657,42
*c1cccc(P(=O)(c2ccccc2)c2cccc(-n3c(=O)c4c(-c5ccccc5)c5c(=O)n(*)c(=O)c5c(-c5ccccc5)c4c3=O)c2)c1,2117925652.0,4.110030642,4.379602767,50
*c1ccc(Oc2ccc(N3C(=O)c4cccc(Oc5cccc6c5C(=O)N(*)C6=O)c4C3=O)cc2)cc1,4082679676.0,3.284214172,3.941782543,38
*c1ccc(Oc2ccc(N3C(=O)c4ccc(Oc5cccc6c5C(=O)N(*)C6=O)cc4C3=O)cc2)cc1,3363007983.0,3.217755198,4.329385357,38
*c1ccc(Oc2ccc(Oc3ccc(N4C(=O)c5cccc(Oc6cccc7c6C(=O)N(*)C7=O)c5C4=O)cc3)cc2)cc1,4128233694.0,3.249754161,3.941782543,45
*c1ccc(Oc2ccc(Oc3ccc(N4C(=O)c5ccc(Oc6cccc7c6C(=O)N(*)C7=O)cc5C4=O)cc3)cc2)cc1,3703537783.0,3.258561305,4.329385357,45
*c1ccc(Oc2ccc(N3C(=O)C4CCC5C(=O)N(*)C(=O)C5C4C3=O)cc2)cc1,4327080353.0,4.389636707,3.490827178,31
*c1ccc(Cc2ccc(N3C(=O)C4CCC5C(=O)N(*)C(=O)C5C4C3=O)c(C)c2)cc1C,3435628955.0,4.542374999,3.941201383,33
*c1ccc(Oc2ccc(Oc3ccc(N4C(=O)C5CCC6C(=O)N(*)C(=O)C6C5C4=O)cc3)cc2)cc1,4098820244.0,4.301243152,3.490827178,38
*c1ccc(Oc2ccc(C(C)(C)c3ccc(Oc4ccc(N5C(=O)C6CCC7C(=O)N(*)C(=O)C7C6C5=O)cc4)cc3)cc2)cc1,3916250080.0,4.450084852,3.751899792,47
*C(=O)c1ccc2c(c1)C(=O)N(c1c(C)cc(Cc3cc(C)c(N4C(=O)c5ccc(*)cc5C4=O)c(C)c3)cc1C)C2=O,2854266360.0,3.526378274,3.721164307,43
*C(=O)c1ccc2c(c1)C(=O)N(c1c(CC)cc(Cc3cc(CC)c(N4C(=O)c5ccc(*)cc5C4=O)c(CC)c3)cc1CC)C2=O,2449912881.0,3.711871325,3.803175207,47
*c1ccc(N2C(=O)c3ccc(Oc4ccc(C(C)(C)c5cccc(Oc6ccc7c(c6)C(=O)N(*)C7=O)c5)cc4)cc3C2=O)cc1,3939099842.0,3.393767523,4.17890252,47
*CCCCCCCCCCN1C(=O)C2C3C=CC(C4C(=O)N(*)C(=O)C34)C2C1=O,4004408771.0,5.533767232,3.15634548,30
*C1CCC(CC2CCC(N3C(=O)C4C5C=CC(C6C(=O)N(*)C(=O)C56)C4C3=O)CC2)CC1,3973236260.0,5.783789846,3.58120692,33
*C1CCC(CC2CCC(N3C(=O)C4C5C=CC(C6C(=O)N(*)C(=O)C56)C4C3=O)C(C)C2)CC1C,3547981862.0,6.394659665,4.148972637,35
*c1cc(C(c2ccc(O)c(N3C(=O)c4ccc(Oc5ccc6c(c5)C(=O)N(*)C6=O)cc4C3=O)c2)(C(F)(F)F)C(F)(F)F)ccc1O,3442364161.0,3.773489658,3.920080738,48
*c1ccc(C(C)(C)c2ccc(C(C)(C)c3ccc(N4C(=O)c5ccc(Oc6ccc7c(c6)C(=O)N(*)C7=O)cc5C4=O)cc3)cc2)cc1,3343017521.0,3.397617347,3.948237757,49
*c1ccc(Sc2ccc(Sc3ccc(Sc4ccc(-n5c(=O)c6cc7c(=O)n(*)c(=O)c7cc6c5=O)cc4)cc3)cc2)cc1,4032551616.0,3.348138784,3.401892784,45
*c1ccc(Sc2ccc3c(c2)Sc2ccc(Sc4ccc(-n5c(=O)c6cc7c(=O)n(*)c(=O)c7cc6c5=O)cc4)cc2S3)cc1,4164416099.0,3.807604794,4.367877868,46
*C(=O)Oc1ccc(OC(=O)c2ccc3c(c2)C(=O)N(C2CCC(N4C(=O)c5ccc(*)cc5C4=O)CC2)C3=O)cc1,3856528350.0,3.35442516,3.799017812,42
*c1ccc(C(=O)Oc2ccc(-n3c(=O)c4cc5c(=O)n(*)c(=O)c5cc4c3=O)cc2)cc1,5141644344.0,3.296730845,3.599014989,33
*c1ccc(C(=O)Oc2ccc(N3C(=O)c4ccc(-c5ccc6c(c5)C(=O)N(*)C6=O)cc4C3=O)cc2)cc1,4156120937.0,3.176704685,4.178730544,39
*c1ccc(C(=O)Nc2ccc(-n3c(=O)c4cc5c(=O)n(*)c(=O)c5cc4c3=O)cc2)cc1,4803161358.0,3.221788537,3.907285334,33
*c1cc(C(c2ccc(O)c(N3C(=O)c4ccc(-c5ccc6c(c5)C(=O)N(*)C6=O)cc4C3=O)c2)(C(F)(F)F)C(F)(F)F)ccc1O,3024695095.0,3.754978362,3.832315018,47
*c1cccc(N2C(=O)c3ccc(-c4cccc5c4C(=O)N(*)C5=O)cc3C2=O)c1,3590743044.0,3.276370736,3.906512489,30
*c1ccc(-c2ccc(N3C(=O)c4ccc(-c5cccc6c5C(=O)N(*)C6=O)cc4C3=O)c(C)c2)cc1C,2522368095.0,3.303120002,4.146501519,38
*c1ccc(-c2ccc(N3C(=O)c4ccc(-c5cccc6c5C(=O)N(*)C6=O)cc4C3=O)cc2C)c(C)c1,2461232300.0,3.337747143,4.586778507,38
*c1ccc(-c2ccc(N3C(=O)c4ccc(-c5cccc6c5C(=O)N(*)C6=O)cc4C3=O)cc2C(F)(F)F)c(C(F)(F)F)c1,2169034808.0,3.56867371,4.426352604,44
*c1ccc(Oc2cccc(N3C(=O)c4ccc(-c5cccc6c5C(=O)N(*)C6=O)cc4C3=O)c2)cc1,3369772087.0,3.235003098,4.305512607,37
*c1ccc(Oc2ccc(Oc3ccc(N4C(=O)c5ccc(-c6cccc7c6C(=O)N(*)C7=O)cc5C4=O)cc3)cc2)cc1,3649787294.0,3.230479205,4.08332782,44
*c1ccc(Oc2cccc(Oc3ccc(N4C(=O)c5ccc(-c6cccc7c6C(=O)N(*)C7=O)cc5C4=O)cc3)c2)cc1,3929587190.0,3.265311073,4.390035454,44
*c1cccc(Oc2cccc(Oc3cccc(N4C(=O)c5ccc(-c6cccc7c6C(=O)N(*)C7=O)cc5C4=O)c3)c2)c1,2906095338.0,3.306784699,4.293894078,44
*OC(C)COC(*)=O,3566112628.0,5.541927734,1.695269251,9
*Oc1ccc2c(c1)C1(CC2(C)C)CC(C)(C)c2ccc(OC(*)=O)cc21,2501806380.0,4.628438549,3.377425844,27
*Oc1ccc(C(C)(C)c2ccc(OC(*)=O)c(CC)c2)cc1CC,2799379350.0,3.367173408,2.956755909,25
*Oc1ccc(C(C)(CCC#N)c2ccc(OC(*)=O)cc2)cc1,3704332399.0,3.849506254,2.96298452,24
*Oc1ccc(C(C)(CCC#N)c2ccc(OC(*)=O)c(C)c2)cc1C,3053646510.0,4.01616853,3.144297881,26
*Oc1ccc(C(CCC)(CCC)c2ccc(OC(*)=O)c(C)c2)cc1C,2048543384.0,3.455410369,3.117299472,27
*Oc1ccc(C(CCCC)(CCCC)c2ccc(OC(*)=O)cc2)cc1,2317644352.0,3.235841144,3.250545123,27
*CCCCCCCCCSC(=O)S*,3325178159.0,4.013750701,2.168503634,15
*CCCCCCCCCCCCSC(=O)S*,3200787954.0,3.670648005,2.168503634,18
*Sc1ccc(Cc2ccc(SC(*)=O)cc2)cc1,3434482026.0,3.2265592,2.643126185,19
*Oc1ccc(C(C)(C)c2ccc(OC(=O)SCCCSC(*)=O)cc2)cc1,3299320531.0,3.520870267,3.277202713,28
*Oc1ccc(C(C)(C)c2ccc(OC(=O)SCCCCCCSC(*)=O)cc2)cc1,3526937471.0,3.451585401,3.331743354,31
*Oc1ccc(C(C)(C)c2ccc(OC(=O)Sc3ccc(C(C)(C)c4ccc(SC(*)=O)cc4)cc3)cc2)cc1,3129293810.0,3.397509601,2.963956931,40
*C1NC(CC1)*,3341886253.0,6.817619818,1.669963238,7
*Nc1ccc(cc1)*,4321105817.0,4.635493853,1.948342429,9
*c1ccc(Cc2ccc(N(*)Cc3ccccc3)cc2)cc1,3437968182.0,2.963763654,2.533689278,23
*Cc1cc(C(C)(C)c2ccc3c(c2)CN(C)CO3)cc(CN(*)C)c1O,3424675138.0,3.799326378,4.406643736,27
*c1ccc(C(c2ccc(-c3nc4cc(-c5ccc6nc(*)[nH]c6c5)ccc4[nH]3)cc2)(C(F)(F)F)C(F)(F)F)cc1,3109585376.0,3.601488294,4.506264292,41
*c1ccc(C(c2ccc(-c3nc4ccc(-c5ccc6nc(*)[nH]c6c5)cc4[nH]3)cc2)(C(F)(F)F)C(F)(F)F)cc1,2673692227.0,3.587132843,4.312179006,41
*c1cccc(S(=O)(=O)NCCCCCCNS(*)(=O)=O)c1,5228158145.0,3.338991049,3.424678394,22
*c1ccc(S(*)(=O)=O)cc1,3483621018.0,4.255679912,1.334821902,11
*Cc1cc(*)c(O)cc1C,3339679684.0,4.575082034,2.556295948,11
